,Hour,P95 Runtime
0,2023-06-09 00:00:00,1848.46
1,2023-06-09 01:00:00,1828.53
2,2023-06-09 02:00:00,2046.14
3,2023-06-09 03:00:00,1877.21
4,2023-06-09 04:00:00,1642.56
5,2023-06-09 05:00:00,1799.56
6,2023-06-09 06:00:00,2115.26
7,2023-06-09 07:00:00,2180.82
8,2023-06-09 08:00:00,1868.27
9,2023-06-09 09:00:00,1805.19
10,2023-06-09 10:00:00,1922.31
11,2023-06-09 11:00:00,2313.99
12,2023-06-09 12:00:00,2422.52
13,2023-06-09 13:00:00,2760.34
14,2023-06-09 14:00:00,3019.9
15,2023-06-09 15:00:00,2901.78
16,2023-06-09 16:00:00,2679.37
17,2023-06-09 17:00:00,2491.58
18,2023-06-09 18:00:00,2549.5
19,2023-06-09 19:00:00,2553.28
20,2023-06-09 20:00:00,2431.78
21,2023-06-09 21:00:00,2103.12
22,2023-06-09 22:00:00,1945.17
23,2023-06-09 23:00:00,1929.18
24,2023-06-10 00:00:00,2102.34
25,2023-06-10 01:00:00,1920.87
26,2023-06-10 02:00:00,2125.1
27,2023-06-10 03:00:00,1999.94
28,2023-06-10 04:00:00,1747.43
29,2023-06-10 05:00:00,1705.92
30,2023-06-10 06:00:00,2302.91
31,2023-06-10 07:00:00,2459.94
32,2023-06-10 08:00:00,1879.93
33,2023-06-10 09:00:00,1425.35
34,2023-06-10 10:00:00,1620.53
35,2023-06-10 11:00:00,2007.7
36,2023-06-10 12:00:00,1916.88
37,2023-06-10 13:00:00,1862.89
38,2023-06-10 14:00:00,1666.36
39,2023-06-10 15:00:00,1613.62
40,2023-06-10 16:00:00,1793.25
41,2023-06-10 17:00:00,1872.89
42,2023-06-10 18:00:00,1774.68
43,2023-06-10 19:00:00,1806.76
44,2023-06-10 20:00:00,1784.22
45,2023-06-10 21:00:00,1609.69
46,2023-06-10 22:00:00,1549.05
47,2023-06-10 23:00:00,1478.68
48,2023-06-11 00:00:00,1732.06
49,2023-06-11 01:00:00,1694.78
50,2023-06-11 02:00:00,1993.07
51,2023-06-11 03:00:00,2239.74
52,2023-06-11 04:00:00,2696.37
53,2023-06-11 05:00:00,2332.15
54,2023-06-11 06:00:00,1600.2
55,2023-06-11 07:00:00,1885.66
56,2023-06-11 08:00:00,1816.04
57,2023-06-11 09:00:00,1494.5
58,2023-06-11 10:00:00,1649.81
59,2023-06-11 11:00:00,1726.59
60,2023-06-11 12:00:00,1723.52
61,2023-06-11 13:00:00,1622.71
62,2023-06-11 14:00:00,1726.94
63,2023-06-11 15:00:00,1406.72
64,2023-06-11 16:00:00,1386.99
65,2023-06-11 17:00:00,1640.77
66,2023-06-11 18:00:00,1706.36
67,2023-06-11 19:00:00,1725.59
68,2023-06-11 20:00:00,1713.86
69,2023-06-11 21:00:00,1816.83
70,2023-06-11 22:00:00,1795.22
71,2023-06-11 23:00:00,1900.5
72,2023-06-12 00:00:00,2148.05
73,2023-06-12 01:00:00,1972.68
74,2023-06-12 02:00:00,1843.38
75,2023-06-12 03:00:00,2496.99
76,2023-06-12 04:00:00,2511.46
77,2023-06-12 05:00:00,2305.41
78,2023-06-12 06:00:00,2100.93
79,2023-06-12 07:00:00,2251.11
80,2023-06-12 08:00:00,1914.87
81,2023-06-12 09:00:00,1785.63
82,2023-06-12 10:00:00,2186.01
83,2023-06-12 11:00:00,2166.87
84,2023-06-12 12:00:00,2289.34
85,2023-06-12 13:00:00,2586.83
86,2023-06-12 14:00:00,2509.56
87,2023-06-12 15:00:00,2374.92
88,2023-06-12 16:00:00,2360.03
89,2023-06-12 17:00:00,2323.79
90,2023-06-12 18:00:00,2318.51
91,2023-06-12 19:00:00,2278.75
92,2023-06-12 20:00:00,2187.29
93,2023-06-12 21:00:00,1950.29
94,2023-06-12 22:00:00,1886.03
95,2023-06-12 23:00:00,1860.27
96,2023-06-13 00:00:00,1941.74
97,2023-06-13 01:00:00,1880.8
98,2023-06-13 02:00:00,1955.49
99,2023-06-13 03:00:00,2131.51
100,2023-06-13 04:00:00,1899.54
101,2023-06-13 05:00:00,2122.7
102,2023-06-13 06:00:00,2192.99
103,2023-06-13 07:00:00,2126.55
104,2023-06-13 08:00:00,1768.18
105,2023-06-13 09:00:00,1647.44
106,2023-06-13 10:00:00,1934.75
107,2023-06-13 11:00:00,2009.4
108,2023-06-13 12:00:00,2244.08
109,2023-06-13 13:00:00,2399.86
110,2023-06-13 14:00:00,2517.94
111,2023-06-13 15:00:00,2505.92
112,2023-06-13 16:00:00,2497.94
113,2023-06-13 17:00:00,2525.24
114,2023-06-13 18:00:00,2449.86
115,2023-06-13 19:00:00,2322.72
116,2023-06-13 20:00:00,2238.74
117,2023-06-13 21:00:00,2075.61
118,2023-06-13 22:00:00,1968.19
119,2023-06-13 23:00:00,1910.33
120,2023-06-14 00:00:00,1981.77
121,2023-06-14 01:00:00,2004.05
122,2023-06-14 02:00:00,1919.67
123,2023-06-14 03:00:00,2040.49
124,2023-06-14 04:00:00,1856.79
125,2023-06-14 05:00:00,1824.08
126,2023-06-14 06:00:00,2088.96
127,2023-06-14 07:00:00,2172.8
128,2023-06-14 08:00:00,1938.81
129,2023-06-14 09:00:00,1777.2
130,2023-06-14 10:00:00,1848.95
131,2023-06-14 11:00:00,2015.98
132,2023-06-14 12:00:00,2159.4
133,2023-06-14 13:00:00,2327.45
134,2023-06-14 14:00:00,2432.74
135,2023-06-14 15:00:00,2450.2
136,2023-06-14 16:00:00,2411.11
137,2023-06-14 17:00:00,2490.95
138,2023-06-14 18:00:00,2414.08
139,2023-06-14 19:00:00,2403.17
140,2023-06-14 20:00:00,2305.1
141,2023-06-14 21:00:00,1987.36
142,2023-06-14 22:00:00,1897.8
143,2023-06-14 23:00:00,1848.09
144,2023-06-15 00:00:00,1964.94
145,2023-06-15 01:00:00,1893.51
146,2023-06-15 02:00:00,1988.7
147,2023-06-15 03:00:00,2111.74
148,2023-06-15 04:00:00,2090.47
149,2023-06-15 05:00:00,2023.82
150,2023-06-15 06:00:00,2006.76
151,2023-06-15 07:00:00,2093.14
152,2023-06-15 08:00:00,1886.16
153,2023-06-15 09:00:00,1999.03
154,2023-06-15 10:00:00,1864.48
155,2023-06-15 11:00:00,2040.51
156,2023-06-15 12:00:00,2178.57
157,2023-06-15 13:00:00,2378.38
158,2023-06-15 14:00:00,2367.92
159,2023-06-15 15:00:00,2367.33
160,2023-06-15 16:00:00,2249.95
161,2023-06-15 17:00:00,2236.51
162,2023-06-15 18:00:00,2259.26
163,2023-06-15 19:00:00,2256.65
164,2023-06-15 20:00:00,2258.21
165,2023-06-15 21:00:00,2068.96
166,2023-06-15 22:00:00,1811.68
167,2023-06-15 23:00:00,1714.64
168,2023-06-16 00:00:00,1902.31
169,2023-06-16 01:00:00,1885.29
170,2023-06-16 02:00:00,1883.8
171,2023-06-16 03:00:00,2175.58
172,2023-06-16 04:00:00,2193.65
173,2023-06-16 05:00:00,1862.12
174,2023-06-16 06:00:00,1750.34
175,2023-06-16 07:00:00,1940.72
176,2023-06-16 08:00:00,1845.06
177,2023-06-16 09:00:00,1864.89
178,2023-06-16 10:00:00,2119.66
179,2023-06-16 11:00:00,2128.08
180,2023-06-16 12:00:00,2002.8
181,2023-06-16 13:00:00,2179.43
182,2023-06-16 14:00:00,2315.0
183,2023-06-16 15:00:00,2279.66
184,2023-06-16 16:00:00,2181.63
185,2023-06-16 17:00:00,2186.33
186,2023-06-16 18:00:00,2166.73
187,2023-06-16 19:00:00,2196.56
188,2023-06-16 20:00:00,2086.01
189,2023-06-16 21:00:00,1891.61
190,2023-06-16 22:00:00,1798.78
191,2023-06-16 23:00:00,1806.13
192,2023-06-17 00:00:00,1803.23
193,2023-06-17 01:00:00,1651.67
194,2023-06-17 02:00:00,1641.44
195,2023-06-17 03:00:00,1897.85
196,2023-06-17 04:00:00,1841.74
197,2023-06-17 05:00:00,1739.77
198,2023-06-17 06:00:00,1813.83
199,2023-06-17 07:00:00,2017.71
200,2023-06-17 08:00:00,1559.69
201,2023-06-17 09:00:00,1568.81
202,2023-06-17 10:00:00,1694.77
203,2023-06-17 11:00:00,1973.06
204,2023-06-17 12:00:00,1829.05
205,2023-06-17 13:00:00,2029.93
206,2023-06-17 14:00:00,1954.16
207,2023-06-17 15:00:00,1876.67
208,2023-06-17 16:00:00,1830.34
209,2023-06-17 17:00:00,1740.35
210,2023-06-17 18:00:00,1719.75
211,2023-06-17 19:00:00,1825.19
212,2023-06-17 20:00:00,1814.43
213,2023-06-17 21:00:00,1500.71
214,2023-06-17 22:00:00,1418.72
215,2023-06-17 23:00:00,1473.9
216,2023-06-18 00:00:00,1582.55
217,2023-06-18 01:00:00,1729.29
218,2023-06-18 02:00:00,1764.21
219,2023-06-18 03:00:00,1921.73
220,2023-06-18 04:00:00,2134.84
221,2023-06-18 05:00:00,2015.13
222,2023-06-18 06:00:00,1918.98
223,2023-06-18 07:00:00,1866.38
224,2023-06-18 08:00:00,1388.29
225,2023-06-18 09:00:00,1465.8
226,2023-06-18 10:00:00,1641.48
227,2023-06-18 11:00:00,1896.33
228,2023-06-18 12:00:00,1793.17
229,2023-06-18 13:00:00,1700.02
230,2023-06-18 14:00:00,1593.08
231,2023-06-18 15:00:00,1688.81
232,2023-06-18 16:00:00,1683.72
233,2023-06-18 17:00:00,1537.89
234,2023-06-18 18:00:00,1473.67
235,2023-06-18 19:00:00,1500.56
236,2023-06-18 20:00:00,1436.35
237,2023-06-18 21:00:00,1413.33
238,2023-06-18 22:00:00,1584.06
239,2023-06-18 23:00:00,1603.08
240,2023-06-19 00:00:00,1793.81
241,2023-06-19 01:00:00,1563.27
242,2023-06-19 02:00:00,1603.86
243,2023-06-19 03:00:00,1796.39
244,2023-06-19 04:00:00,1979.62
245,2023-06-19 05:00:00,1863.36
246,2023-06-19 06:00:00,1780.15
247,2023-06-19 07:00:00,1918.55
248,2023-06-19 08:00:00,1609.05
249,2023-06-19 09:00:00,1705.55
250,2023-06-19 10:00:00,2070.3
251,2023-06-19 11:00:00,2228.5
252,2023-06-19 12:00:00,2156.59
253,2023-06-19 13:00:00,2191.0
254,2023-06-19 14:00:00,2189.11
255,2023-06-19 15:00:00,2128.38
256,2023-06-19 16:00:00,2111.43
257,2023-06-19 17:00:00,1951.38
258,2023-06-19 18:00:00,2053.23
259,2023-06-19 19:00:00,2016.13
260,2023-06-19 20:00:00,1952.78
261,2023-06-19 21:00:00,1727.73
262,2023-06-19 22:00:00,1645.57
263,2023-06-19 23:00:00,1750.91
264,2023-06-20 00:00:00,1885.05
265,2023-06-20 01:00:00,2019.15
266,2023-06-20 02:00:00,2040.33
267,2023-06-20 03:00:00,2126.75
268,2023-06-20 04:00:00,2452.31
269,2023-06-20 05:00:00,2258.54
270,2023-06-20 06:00:00,1959.26
271,2023-06-20 07:00:00,1989.97
272,2023-06-20 08:00:00,1935.88
273,2023-06-20 09:00:00,1747.58
274,2023-06-20 10:00:00,2316.89
275,2023-06-20 11:00:00,2327.41
276,2023-06-20 12:00:00,2331.9
277,2023-06-20 13:00:00,2443.77
278,2023-06-20 14:00:00,2406.02
279,2023-06-20 15:00:00,2370.99
280,2023-06-20 16:00:00,2255.18
281,2023-06-20 17:00:00,2234.97
282,2023-06-20 18:00:00,2176.23
283,2023-06-20 19:00:00,2254.19
284,2023-06-20 20:00:00,2172.95
285,2023-06-20 21:00:00,1912.55
286,2023-06-20 22:00:00,1814.13
287,2023-06-20 23:00:00,1877.15
288,2023-06-21 00:00:00,1909.35
289,2023-06-21 01:00:00,1760.8
290,2023-06-21 02:00:00,1755.6
291,2023-06-21 03:00:00,1837.77
292,2023-06-21 04:00:00,1919.64
293,2023-06-21 05:00:00,2063.36
294,2023-06-21 06:00:00,2037.15
295,2023-06-21 07:00:00,2077.95
296,2023-06-21 08:00:00,1809.68
297,2023-06-21 09:00:00,1810.53
298,2023-06-21 10:00:00,2118.35
299,2023-06-21 11:00:00,2221.35
300,2023-06-21 12:00:00,2190.6
301,2023-06-21 13:00:00,2441.53
302,2023-06-21 14:00:00,2401.83
303,2023-06-21 15:00:00,2392.13
304,2023-06-21 16:00:00,2294.83
305,2023-06-21 17:00:00,2281.97
306,2023-06-21 18:00:00,2228.13
307,2023-06-21 19:00:00,2295.25
308,2023-06-21 20:00:00,2229.44
309,2023-06-21 21:00:00,1943.35
310,2023-06-21 22:00:00,1904.89
311,2023-06-21 23:00:00,1857.68
312,2023-06-22 00:00:00,1974.72
313,2023-06-22 01:00:00,1916.86
314,2023-06-22 02:00:00,1864.31
315,2023-06-22 03:00:00,2264.98
316,2023-06-22 04:00:00,2073.79
317,2023-06-22 05:00:00,1914.64
318,2023-06-22 06:00:00,2108.47
319,2023-06-22 07:00:00,2199.36
320,2023-06-22 08:00:00,1850.85
321,2023-06-22 09:00:00,1770.54
322,2023-06-22 10:00:00,2167.38
323,2023-06-22 11:00:00,2504.91
324,2023-06-22 12:00:00,2352.14
325,2023-06-22 13:00:00,2451.37
326,2023-06-22 14:00:00,2383.71
327,2023-06-22 15:00:00,2375.96
328,2023-06-22 16:00:00,2252.7
329,2023-06-22 17:00:00,2334.37
330,2023-06-22 18:00:00,2257.44
331,2023-06-22 19:00:00,2265.19
332,2023-06-22 20:00:00,2240.5
333,2023-06-22 21:00:00,2049.43
334,2023-06-22 22:00:00,1922.66
335,2023-06-22 23:00:00,1853.57
336,2023-06-23 00:00:00,1921.99
337,2023-06-23 01:00:00,1910.17
338,2023-06-23 02:00:00,1926.14
339,2023-06-23 03:00:00,1948.61
340,2023-06-23 04:00:00,1768.22
341,2023-06-23 05:00:00,1844.64
342,2023-06-23 06:00:00,2138.02
343,2023-06-23 07:00:00,2225.74
344,2023-06-23 08:00:00,1888.2
345,2023-06-23 09:00:00,1779.42
346,2023-06-23 10:00:00,2278.98
347,2023-06-23 11:00:00,2551.98
348,2023-06-23 12:00:00,2282.78
349,2023-06-23 13:00:00,2375.2
350,2023-06-23 14:00:00,2394.53
351,2023-06-23 15:00:00,2352.88
352,2023-06-23 16:00:00,2259.42
353,2023-06-23 17:00:00,2184.79
354,2023-06-23 18:00:00,2241.88
355,2023-06-23 19:00:00,2213.92
356,2023-06-23 20:00:00,2127.32
357,2023-06-23 21:00:00,1931.0
358,2023-06-23 22:00:00,1770.98
359,2023-06-23 23:00:00,1775.3
360,2023-06-24 00:00:00,1824.1
361,2023-06-24 01:00:00,2027.62
362,2023-06-24 02:00:00,2033.58
363,2023-06-24 03:00:00,2054.71
364,2023-06-24 04:00:00,2256.84
365,2023-06-24 05:00:00,1570.92
366,2023-06-24 06:00:00,1395.59
367,2023-06-24 07:00:00,2012.63
368,2023-06-24 08:00:00,1636.03
369,2023-06-24 09:00:00,1658.19
370,2023-06-24 10:00:00,1985.36
371,2023-06-24 11:00:00,2234.6
372,2023-06-24 12:00:00,1993.16
373,2023-06-24 13:00:00,1875.15
374,2023-06-24 14:00:00,1935.77
375,2023-06-24 15:00:00,1799.89
376,2023-06-24 16:00:00,1747.1
377,2023-06-24 17:00:00,1685.01
378,2023-06-24 18:00:00,1591.85
379,2023-06-24 19:00:00,1712.87
380,2023-06-24 20:00:00,1691.56
381,2023-06-24 21:00:00,1525.65
382,2023-06-24 22:00:00,1547.48
383,2023-06-24 23:00:00,1551.39
384,2023-06-25 00:00:00,1626.88
385,2023-06-25 01:00:00,1589.24
386,2023-06-25 02:00:00,1650.19
387,2023-06-25 03:00:00,1741.37
388,2023-06-25 04:00:00,2071.28
389,2023-06-25 05:00:00,2139.31
390,2023-06-25 06:00:00,1999.15
391,2023-06-25 07:00:00,2117.12
392,2023-06-25 08:00:00,1765.18
393,2023-06-25 09:00:00,1711.63
394,2023-06-25 10:00:00,1727.19
395,2023-06-25 11:00:00,1787.28
396,2023-06-25 12:00:00,1800.16
397,2023-06-25 13:00:00,1796.25
398,2023-06-25 14:00:00,1749.04
399,2023-06-25 15:00:00,1583.06
400,2023-06-25 16:00:00,1639.18
401,2023-06-25 17:00:00,1471.28
402,2023-06-25 18:00:00,1486.54
403,2023-06-25 19:00:00,1545.29
404,2023-06-25 20:00:00,1542.3
405,2023-06-25 21:00:00,1584.98
406,2023-06-25 22:00:00,1680.14
407,2023-06-25 23:00:00,1735.83
408,2023-06-26 00:00:00,1958.88
409,2023-06-26 01:00:00,1875.59
410,2023-06-26 02:00:00,1725.71
411,2023-06-26 03:00:00,2141.39
412,2023-06-26 04:00:00,2265.8
413,2023-06-26 05:00:00,2118.25
414,2023-06-26 06:00:00,1955.06
415,2023-06-26 07:00:00,2047.15
416,2023-06-26 08:00:00,1782.92
417,2023-06-26 09:00:00,1759.2
418,2023-06-26 10:00:00,2064.88
419,2023-06-26 11:00:00,2285.44
420,2023-06-26 12:00:00,2311.32
421,2023-06-26 13:00:00,2445.95
422,2023-06-26 14:00:00,2434.42
423,2023-06-26 15:00:00,2427.82
424,2023-06-26 16:00:00,2277.01
425,2023-06-26 17:00:00,2271.14
426,2023-06-26 18:00:00,2289.6
427,2023-06-26 19:00:00,2258.12
428,2023-06-26 20:00:00,2156.49
429,2023-06-26 21:00:00,1911.61
430,2023-06-26 22:00:00,1836.1
431,2023-06-26 23:00:00,1870.41
432,2023-06-27 00:00:00,1914.8
433,2023-06-27 01:00:00,1896.49
434,2023-06-27 02:00:00,1850.12
435,2023-06-27 03:00:00,2157.48
436,2023-06-27 04:00:00,2209.06
437,2023-06-27 05:00:00,2149.75
438,2023-06-27 06:00:00,2050.05
439,2023-06-27 07:00:00,2165.17
440,2023-06-27 08:00:00,2251.69
441,2023-06-27 09:00:00,1973.24
442,2023-06-27 10:00:00,2029.72
443,2023-06-27 11:00:00,2248.88
444,2023-06-27 12:00:00,2222.77
445,2023-06-27 13:00:00,2441.21
446,2023-06-27 14:00:00,2440.6
447,2023-06-27 15:00:00,2427.38
448,2023-06-27 16:00:00,2367.35
449,2023-06-27 17:00:00,2348.44
450,2023-06-27 18:00:00,2325.04
451,2023-06-27 19:00:00,2306.87
452,2023-06-27 20:00:00,2252.86
453,2023-06-27 21:00:00,1929.07
454,2023-06-27 22:00:00,1947.92
455,2023-06-27 23:00:00,1910.6
456,2023-06-28 00:00:00,1971.81
457,2023-06-28 01:00:00,1876.15
458,2023-06-28 02:00:00,1841.35
459,2023-06-28 03:00:00,2139.21
460,2023-06-28 04:00:00,1980.03
461,2023-06-28 05:00:00,1808.02
462,2023-06-28 06:00:00,2104.04
463,2023-06-28 07:00:00,2059.62
464,2023-06-28 08:00:00,1821.97
465,2023-06-28 09:00:00,1639.99
466,2023-06-28 10:00:00,1848.88
467,2023-06-28 11:00:00,2405.92
468,2023-06-28 12:00:00,2397.26
469,2023-06-28 13:00:00,2511.67
470,2023-06-28 14:00:00,2405.06
471,2023-06-28 15:00:00,2355.58
472,2023-06-28 16:00:00,2227.77
473,2023-06-28 17:00:00,2289.24
474,2023-06-28 18:00:00,2295.13
475,2023-06-28 19:00:00,2377.03
476,2023-06-28 20:00:00,2292.12
477,2023-06-28 21:00:00,1986.85
478,2023-06-28 22:00:00,1931.04
479,2023-06-28 23:00:00,1862.96
480,2023-06-29 00:00:00,1917.55
481,2023-06-29 01:00:00,1859.71
482,2023-06-29 02:00:00,1854.46
483,2023-06-29 03:00:00,2289.31
484,2023-06-29 04:00:00,2076.42
485,2023-06-29 05:00:00,1875.36
486,2023-06-29 06:00:00,1987.6
487,2023-06-29 07:00:00,2123.51
488,2023-06-29 08:00:00,1905.1
489,2023-06-29 09:00:00,1895.67
490,2023-06-29 10:00:00,2092.51
491,2023-06-29 11:00:00,2185.14
492,2023-06-29 12:00:00,2247.93
493,2023-06-29 13:00:00,2473.27
494,2023-06-29 14:00:00,2472.36
495,2023-06-29 15:00:00,2383.9
496,2023-06-29 16:00:00,2286.52
497,2023-06-29 17:00:00,2341.47
498,2023-06-29 18:00:00,2378.25
499,2023-06-29 19:00:00,2301.73
500,2023-06-29 20:00:00,2201.69
501,2023-06-29 21:00:00,1896.65
502,2023-06-29 22:00:00,1881.58
503,2023-06-29 23:00:00,1826.36
504,2023-06-30 00:00:00,1943.87
505,2023-06-30 01:00:00,1841.43
506,2023-06-30 02:00:00,1869.08
507,2023-06-30 03:00:00,2050.34
508,2023-06-30 04:00:00,1959.99
509,2023-06-30 05:00:00,1758.86
510,2023-06-30 06:00:00,2043.9
511,2023-06-30 07:00:00,2153.78
512,2023-06-30 08:00:00,1897.51
513,2023-06-30 09:00:00,1735.0
514,2023-06-30 10:00:00,2283.85
515,2023-06-30 11:00:00,2382.18
516,2023-06-30 12:00:00,2259.13
517,2023-06-30 13:00:00,2360.78
518,2023-06-30 14:00:00,2369.1
519,2023-06-30 15:00:00,2331.42
520,2023-06-30 16:00:00,2281.46
521,2023-06-30 17:00:00,2261.83
522,2023-06-30 18:00:00,2248.36
523,2023-06-30 19:00:00,2230.82
524,2023-06-30 20:00:00,2131.7
525,2023-06-30 21:00:00,1944.91
526,2023-06-30 22:00:00,1860.51
527,2023-06-30 23:00:00,1797.77
528,2023-07-01 00:00:00,1961.86
529,2023-07-01 01:00:00,1852.33
530,2023-07-01 02:00:00,1811.74
531,2023-07-01 03:00:00,1622.88
532,2023-07-01 04:00:00,1711.12
533,2023-07-01 05:00:00,2233.15
534,2023-07-01 06:00:00,2031.86
535,2023-07-01 07:00:00,2242.94
536,2023-07-01 08:00:00,1846.34
537,2023-07-01 09:00:00,1605.96
538,2023-07-01 10:00:00,2348.01
539,2023-07-01 11:00:00,2370.84
540,2023-07-01 12:00:00,2152.15
541,2023-07-01 13:00:00,2242.08
542,2023-07-01 14:00:00,2106.83
543,2023-07-01 15:00:00,1950.66
544,2023-07-01 16:00:00,2005.49
545,2023-07-01 17:00:00,1964.29
546,2023-07-01 18:00:00,1989.05
547,2023-07-01 19:00:00,1960.87
548,2023-07-01 20:00:00,1855.64
549,2023-07-01 21:00:00,1597.42
550,2023-07-01 22:00:00,1514.41
551,2023-07-01 23:00:00,1815.4
552,2023-07-02 00:00:00,1807.36
553,2023-07-02 01:00:00,1874.79
554,2023-07-02 02:00:00,1918.26
555,2023-07-02 03:00:00,1935.35
556,2023-07-02 04:00:00,2147.52
557,2023-07-02 05:00:00,2431.47
558,2023-07-02 06:00:00,2407.86
559,2023-07-02 07:00:00,2300.25
560,2023-07-02 08:00:00,1605.38
561,2023-07-02 09:00:00,1292.08
562,2023-07-02 10:00:00,2295.67
563,2023-07-02 11:00:00,2089.59
564,2023-07-02 12:00:00,1742.99
565,2023-07-02 13:00:00,1915.73
566,2023-07-02 14:00:00,1789.89
567,2023-07-02 15:00:00,1904.56
568,2023-07-02 16:00:00,1792.91
569,2023-07-02 17:00:00,1735.84
570,2023-07-02 18:00:00,1841.36
571,2023-07-02 19:00:00,1711.15
572,2023-07-02 20:00:00,1709.83
573,2023-07-02 21:00:00,1730.2
574,2023-07-02 22:00:00,1775.4
575,2023-07-02 23:00:00,1897.2
576,2023-07-03 00:00:00,1934.66
577,2023-07-03 01:00:00,1830.91
578,2023-07-03 02:00:00,1531.03
579,2023-07-03 03:00:00,1931.97
580,2023-07-03 04:00:00,2217.3
581,2023-07-03 05:00:00,2216.47
582,2023-07-03 06:00:00,2097.98
583,2023-07-03 07:00:00,2155.35
584,2023-07-03 08:00:00,1875.63
585,2023-07-03 09:00:00,1617.7
586,2023-07-03 10:00:00,2341.05
587,2023-07-03 11:00:00,2353.46
588,2023-07-03 12:00:00,2323.83
589,2023-07-03 13:00:00,2429.46
590,2023-07-03 14:00:00,2255.08
591,2023-07-03 15:00:00,2170.84
592,2023-07-03 16:00:00,2123.94
593,2023-07-03 17:00:00,2054.62
594,2023-07-03 18:00:00,2077.59
595,2023-07-03 19:00:00,2081.69
596,2023-07-03 20:00:00,2013.87
597,2023-07-03 21:00:00,1828.03
598,2023-07-03 22:00:00,1730.02
599,2023-07-03 23:00:00,1685.99
600,2023-07-04 00:00:00,1710.84
601,2023-07-04 01:00:00,1628.63
602,2023-07-04 02:00:00,1608.8
603,2023-07-04 03:00:00,1691.38
604,2023-07-04 04:00:00,1829.09
605,2023-07-04 05:00:00,2058.64
606,2023-07-04 06:00:00,1898.85
607,2023-07-04 07:00:00,2150.37
608,2023-07-04 08:00:00,1833.69
609,2023-07-04 09:00:00,1575.37
610,2023-07-04 10:00:00,1878.1
611,2023-07-04 11:00:00,2042.06
612,2023-07-04 12:00:00,2147.61
613,2023-07-04 13:00:00,2177.95
614,2023-07-04 14:00:00,2180.46
615,2023-07-04 15:00:00,2045.32
616,2023-07-04 16:00:00,1916.08
617,2023-07-04 17:00:00,1855.99
618,2023-07-04 18:00:00,1933.5
619,2023-07-04 19:00:00,1930.73
620,2023-07-04 20:00:00,1998.98
621,2023-07-04 21:00:00,1840.51
622,2023-07-04 22:00:00,1792.3
623,2023-07-04 23:00:00,1911.88
624,2023-07-05 00:00:00,1976.95
625,2023-07-05 01:00:00,1998.06
626,2023-07-05 02:00:00,2175.55
627,2023-07-05 03:00:00,1983.93
628,2023-07-05 04:00:00,2124.86
629,2023-07-05 05:00:00,2054.49
630,2023-07-05 06:00:00,2007.42
631,2023-07-05 07:00:00,2046.26
632,2023-07-05 08:00:00,1679.03
633,2023-07-05 09:00:00,1599.95
634,2023-07-05 10:00:00,2370.54
635,2023-07-05 11:00:00,2493.25
636,2023-07-05 12:00:00,2348.09
637,2023-07-05 13:00:00,2359.24
638,2023-07-05 14:00:00,2439.88
639,2023-07-05 15:00:00,2411.81
640,2023-07-05 16:00:00,2298.79
641,2023-07-05 17:00:00,2260.68
642,2023-07-05 18:00:00,2239.18
643,2023-07-05 19:00:00,2224.49
644,2023-07-05 20:00:00,2131.34
645,2023-07-05 21:00:00,1871.28
646,2023-07-05 22:00:00,1867.45
647,2023-07-05 23:00:00,1810.44
648,2023-07-06 00:00:00,1864.85
649,2023-07-06 01:00:00,1785.61
650,2023-07-06 02:00:00,1657.86
651,2023-07-06 03:00:00,1591.94
652,2023-07-06 04:00:00,1670.04
653,2023-07-06 05:00:00,1666.83
654,2023-07-06 06:00:00,2062.65
655,2023-07-06 07:00:00,2104.64
656,2023-07-06 08:00:00,1867.1
657,2023-07-06 09:00:00,1958.79
658,2023-07-06 10:00:00,2281.25
659,2023-07-06 11:00:00,2399.92
660,2023-07-06 12:00:00,2101.77
661,2023-07-06 13:00:00,2329.94
662,2023-07-06 14:00:00,2339.03
663,2023-07-06 15:00:00,2355.25
664,2023-07-06 16:00:00,2263.64
665,2023-07-06 17:00:00,2193.98
666,2023-07-06 18:00:00,2291.35
667,2023-07-06 19:00:00,2192.42
668,2023-07-06 20:00:00,2235.4
669,2023-07-06 21:00:00,2113.22
670,2023-07-06 22:00:00,1905.05
671,2023-07-06 23:00:00,1768.63
672,2023-07-07 00:00:00,1899.96
673,2023-07-07 01:00:00,1846.42
674,2023-07-07 02:00:00,1827.86
675,2023-07-07 03:00:00,1922.63
676,2023-07-07 04:00:00,1877.48
677,2023-07-07 05:00:00,2054.35
678,2023-07-07 06:00:00,2262.67
679,2023-07-07 07:00:00,2231.43
680,2023-07-07 08:00:00,1882.16
681,2023-07-07 09:00:00,1539.35
682,2023-07-07 10:00:00,2235.09
683,2023-07-07 11:00:00,2345.17
684,2023-07-07 12:00:00,2245.48
685,2023-07-07 13:00:00,2294.93
686,2023-07-07 14:00:00,2327.38
687,2023-07-07 15:00:00,2346.51
688,2023-07-07 16:00:00,2161.46
689,2023-07-07 17:00:00,2109.43
690,2023-07-07 18:00:00,2079.76
691,2023-07-07 19:00:00,2019.63
692,2023-07-07 20:00:00,1962.55
693,2023-07-07 21:00:00,1837.1
694,2023-07-07 22:00:00,1669.99
695,2023-07-07 23:00:00,1707.4
696,2023-07-08 00:00:00,1828.23
697,2023-07-08 01:00:00,1723.87
698,2023-07-08 02:00:00,1688.64
699,2023-07-08 03:00:00,1819.84
700,2023-07-08 04:00:00,1869.74
701,2023-07-08 05:00:00,1822.73
702,2023-07-08 06:00:00,2067.41
703,2023-07-08 07:00:00,2282.87
704,2023-07-08 08:00:00,1858.43
705,2023-07-08 09:00:00,1372.12
706,2023-07-08 10:00:00,2218.51
707,2023-07-08 11:00:00,2487.03
708,2023-07-08 12:00:00,2133.43
709,2023-07-08 13:00:00,2070.79
710,2023-07-08 14:00:00,1894.7
711,2023-07-08 15:00:00,1787.69
712,2023-07-08 16:00:00,1795.35
713,2023-07-08 17:00:00,1691.09
714,2023-07-08 18:00:00,1612.95
715,2023-07-08 19:00:00,1679.93
716,2023-07-08 20:00:00,1709.07
717,2023-07-08 21:00:00,1400.45
718,2023-07-08 22:00:00,1513.32
719,2023-07-08 23:00:00,1570.58
720,2023-07-09 00:00:00,1600.12
721,2023-07-09 01:00:00,1701.82
722,2023-07-09 02:00:00,1807.38
723,2023-07-09 03:00:00,2063.27
724,2023-07-09 04:00:00,2408.73
725,2023-07-09 05:00:00,2342.09
726,2023-07-09 06:00:00,2182.47
727,2023-07-09 07:00:00,2342.64
728,2023-07-09 08:00:00,1520.24
729,2023-07-09 09:00:00,1359.48
730,2023-07-09 10:00:00,2418.9
731,2023-07-09 11:00:00,2393.74
732,2023-07-09 12:00:00,2003.18
733,2023-07-09 13:00:00,2070.57
734,2023-07-09 14:00:00,1965.49
735,2023-07-09 15:00:00,1698.54
736,2023-07-09 16:00:00,1793.23
737,2023-07-09 17:00:00,1627.78
738,2023-07-09 18:00:00,1576.28
739,2023-07-09 19:00:00,1623.73
740,2023-07-09 20:00:00,1582.77
741,2023-07-09 21:00:00,1707.51
742,2023-07-09 22:00:00,1673.04
743,2023-07-09 23:00:00,1791.56
744,2023-07-10 00:00:00,1910.62
745,2023-07-10 01:00:00,1797.12
746,2023-07-10 02:00:00,1723.61
747,2023-07-10 03:00:00,2166.85
748,2023-07-10 04:00:00,2132.21
749,2023-07-10 05:00:00,2115.06
750,2023-07-10 06:00:00,2022.34
751,2023-07-10 07:00:00,2176.83
752,2023-07-10 08:00:00,1640.36
753,2023-07-10 09:00:00,1552.3
754,2023-07-10 10:00:00,2377.7
755,2023-07-10 11:00:00,2463.43
756,2023-07-10 12:00:00,2377.98
757,2023-07-10 13:00:00,2485.19
758,2023-07-10 14:00:00,2442.68
759,2023-07-10 15:00:00,2446.78
760,2023-07-10 16:00:00,2269.48
761,2023-07-10 17:00:00,2216.72
762,2023-07-10 18:00:00,2201.54
763,2023-07-10 19:00:00,2132.87
764,2023-07-10 20:00:00,2182.18
765,2023-07-10 21:00:00,1914.13
766,2023-07-10 22:00:00,1853.05
767,2023-07-10 23:00:00,1825.16
768,2023-07-11 00:00:00,1920.39
769,2023-07-11 01:00:00,1940.64
770,2023-07-11 02:00:00,2015.28
771,2023-07-11 03:00:00,2094.62
772,2023-07-11 04:00:00,2453.46
773,2023-07-11 05:00:00,2090.17
774,2023-07-11 06:00:00,2077.77
775,2023-07-11 07:00:00,2128.12
776,2023-07-11 08:00:00,1890.3
777,2023-07-11 09:00:00,1580.98
778,2023-07-11 10:00:00,2196.17
779,2023-07-11 11:00:00,2258.97
780,2023-07-11 12:00:00,2266.23
781,2023-07-11 13:00:00,2400.51
782,2023-07-11 14:00:00,2400.05
783,2023-07-11 15:00:00,2383.27
784,2023-07-11 16:00:00,2234.24
785,2023-07-11 17:00:00,2200.9
786,2023-07-11 18:00:00,2240.35
787,2023-07-11 19:00:00,2191.49
788,2023-07-11 20:00:00,2130.47
789,2023-07-11 21:00:00,1898.19
790,2023-07-11 22:00:00,1747.77
791,2023-07-11 23:00:00,1758.03
792,2023-07-12 00:00:00,1813.95
793,2023-07-12 01:00:00,1815.84
794,2023-07-12 02:00:00,1616.1
795,2023-07-12 03:00:00,1806.66
796,2023-07-12 04:00:00,1694.43
797,2023-07-12 05:00:00,1800.33
798,2023-07-12 06:00:00,2007.45
799,2023-07-12 07:00:00,2136.58
800,2023-07-12 08:00:00,1773.84
801,2023-07-12 09:00:00,1581.12
802,2023-07-12 10:00:00,2139.32
803,2023-07-12 11:00:00,2274.16
804,2023-07-12 12:00:00,2160.68
805,2023-07-12 13:00:00,2352.46
806,2023-07-12 14:00:00,2431.09
807,2023-07-12 15:00:00,2353.53
808,2023-07-12 16:00:00,2381.69
809,2023-07-12 17:00:00,2250.52
810,2023-07-12 18:00:00,2163.71
811,2023-07-12 19:00:00,2139.17
812,2023-07-12 20:00:00,2094.73
813,2023-07-12 21:00:00,1920.24
814,2023-07-12 22:00:00,1877.43
815,2023-07-12 23:00:00,1826.75
816,2023-07-13 00:00:00,1913.98
817,2023-07-13 01:00:00,1902.38
818,2023-07-13 02:00:00,1896.62
819,2023-07-13 03:00:00,2026.71
820,2023-07-13 04:00:00,1873.79
821,2023-07-13 05:00:00,2063.79
822,2023-07-13 06:00:00,2258.14
823,2023-07-13 07:00:00,2302.46
824,2023-07-13 08:00:00,1844.34
825,2023-07-13 09:00:00,1678.63
826,2023-07-13 10:00:00,2410.34
827,2023-07-13 11:00:00,2424.41
828,2023-07-13 12:00:00,2321.41
829,2023-07-13 13:00:00,2508.3
830,2023-07-13 14:00:00,2397.99
831,2023-07-13 15:00:00,2385.0
832,2023-07-13 16:00:00,2372.6
833,2023-07-13 17:00:00,2253.76
834,2023-07-13 18:00:00,2240.39
835,2023-07-13 19:00:00,2240.03
836,2023-07-13 20:00:00,2224.23
837,2023-07-13 21:00:00,1937.71
838,2023-07-13 22:00:00,1884.27
839,2023-07-13 23:00:00,1881.27
840,2023-07-14 00:00:00,1985.83
841,2023-07-14 01:00:00,1939.0
842,2023-07-14 02:00:00,1914.72
843,2023-07-14 03:00:00,2136.31
844,2023-07-14 04:00:00,1939.97
845,2023-07-14 05:00:00,2099.86
846,2023-07-14 06:00:00,2014.54
847,2023-07-14 07:00:00,1984.01
848,2023-07-14 08:00:00,1709.6
849,2023-07-14 09:00:00,1642.68
850,2023-07-14 10:00:00,2124.35
851,2023-07-14 11:00:00,2241.87
852,2023-07-14 12:00:00,2157.73
853,2023-07-14 13:00:00,2218.3
854,2023-07-14 14:00:00,2228.99
855,2023-07-14 15:00:00,2206.4
856,2023-07-14 16:00:00,2161.7
857,2023-07-14 17:00:00,2175.46
858,2023-07-14 18:00:00,2179.95
859,2023-07-14 19:00:00,2128.2
860,2023-07-14 20:00:00,2057.57
861,2023-07-14 21:00:00,1871.75
862,2023-07-14 22:00:00,1719.26
863,2023-07-14 23:00:00,1705.98
864,2023-07-15 00:00:00,1731.46
865,2023-07-15 01:00:00,1692.5
866,2023-07-15 02:00:00,1689.67
867,2023-07-15 03:00:00,1777.04
868,2023-07-15 04:00:00,1730.16
869,2023-07-15 05:00:00,1660.81
870,2023-07-15 06:00:00,1790.84
871,2023-07-15 07:00:00,1870.07
872,2023-07-15 08:00:00,1408.91
873,2023-07-15 09:00:00,1283.43
874,2023-07-15 10:00:00,2168.68
875,2023-07-15 11:00:00,2252.98
876,2023-07-15 12:00:00,2036.0
877,2023-07-15 13:00:00,2133.98
878,2023-07-15 14:00:00,1958.46
879,2023-07-15 15:00:00,1869.97
880,2023-07-15 16:00:00,1986.21
881,2023-07-15 17:00:00,1807.4
882,2023-07-15 18:00:00,1702.9
883,2023-07-15 19:00:00,1735.68
884,2023-07-15 20:00:00,1773.21
885,2023-07-15 21:00:00,1380.67
886,2023-07-15 22:00:00,1558.64
887,2023-07-15 23:00:00,1623.38
888,2023-07-16 00:00:00,1736.05
889,2023-07-16 01:00:00,1814.7
890,2023-07-16 02:00:00,1854.55
891,2023-07-16 03:00:00,1854.35
892,2023-07-16 04:00:00,2178.29
893,2023-07-16 05:00:00,2272.38
894,2023-07-16 06:00:00,1979.62
895,2023-07-16 07:00:00,2190.63
896,2023-07-16 08:00:00,1423.57
897,2023-07-16 09:00:00,1324.64
898,2023-07-16 10:00:00,2342.79
899,2023-07-16 11:00:00,2131.23
900,2023-07-16 12:00:00,1799.52
901,2023-07-16 13:00:00,1761.15
902,2023-07-16 14:00:00,1673.03
903,2023-07-16 15:00:00,1591.37
904,2023-07-16 16:00:00,1646.82
905,2023-07-16 17:00:00,1596.21
906,2023-07-16 18:00:00,1513.26
907,2023-07-16 19:00:00,1588.22
908,2023-07-16 20:00:00,1620.23
909,2023-07-16 21:00:00,1487.24
910,2023-07-16 22:00:00,1627.02
911,2023-07-16 23:00:00,1774.81
912,2023-07-17 00:00:00,1794.97
913,2023-07-17 01:00:00,1730.29
914,2023-07-17 02:00:00,1611.66
915,2023-07-17 03:00:00,2161.88
916,2023-07-17 04:00:00,2457.29
917,2023-07-17 05:00:00,2130.3
918,2023-07-17 06:00:00,2031.31
919,2023-07-17 07:00:00,2079.63
920,2023-07-17 08:00:00,1548.12
921,2023-07-17 09:00:00,1473.54
922,2023-07-17 10:00:00,2151.71
923,2023-07-17 11:00:00,2365.4
924,2023-07-17 12:00:00,2216.36
925,2023-07-17 13:00:00,2340.11
926,2023-07-17 14:00:00,2330.55
927,2023-07-17 15:00:00,2213.15
928,2023-07-17 16:00:00,2070.53
929,2023-07-17 17:00:00,2101.18
930,2023-07-17 18:00:00,2047.17
931,2023-07-17 19:00:00,2138.07
932,2023-07-17 20:00:00,2052.98
933,2023-07-17 21:00:00,1820.73
934,2023-07-17 22:00:00,1774.13
935,2023-07-17 23:00:00,1792.87
936,2023-07-18 00:00:00,1800.61
937,2023-07-18 01:00:00,1753.56
938,2023-07-18 02:00:00,1822.58
939,2023-07-18 03:00:00,2079.0
940,2023-07-18 04:00:00,2049.44
941,2023-07-18 05:00:00,2045.01
942,2023-07-18 06:00:00,1979.65
943,2023-07-18 07:00:00,2011.04
944,2023-07-18 08:00:00,1601.54
945,2023-07-18 09:00:00,1583.41
946,2023-07-18 10:00:00,2041.47
947,2023-07-18 11:00:00,2192.06
948,2023-07-18 12:00:00,2190.19
949,2023-07-18 13:00:00,2313.2
950,2023-07-18 14:00:00,2198.4
951,2023-07-18 15:00:00,2181.04
952,2023-07-18 16:00:00,2067.92
953,2023-07-18 17:00:00,2111.81
954,2023-07-18 18:00:00,2129.48
955,2023-07-18 19:00:00,2160.31
956,2023-07-18 20:00:00,2054.34
957,2023-07-18 21:00:00,1882.85
958,2023-07-18 22:00:00,1807.56
959,2023-07-18 23:00:00,1781.49
960,2023-07-19 00:00:00,1827.37
961,2023-07-19 01:00:00,1795.05
962,2023-07-19 02:00:00,1720.63
963,2023-07-19 03:00:00,1906.67
964,2023-07-19 04:00:00,1765.35
965,2023-07-19 05:00:00,1639.68
966,2023-07-19 06:00:00,1769.14
967,2023-07-19 07:00:00,1994.21
968,2023-07-19 08:00:00,1690.75
969,2023-07-19 09:00:00,1553.88
970,2023-07-19 10:00:00,2069.66
971,2023-07-19 11:00:00,2174.54
972,2023-07-19 12:00:00,2087.2
973,2023-07-19 13:00:00,2266.15
974,2023-07-19 14:00:00,2256.1
975,2023-07-19 15:00:00,2211.07
976,2023-07-19 16:00:00,2132.65
977,2023-07-19 17:00:00,2079.63
978,2023-07-19 18:00:00,2133.52
979,2023-07-19 19:00:00,2184.83
980,2023-07-19 20:00:00,2092.47
981,2023-07-19 21:00:00,1869.7
982,2023-07-19 22:00:00,1805.3
983,2023-07-19 23:00:00,1740.52
984,2023-07-20 00:00:00,1824.91
985,2023-07-20 01:00:00,1767.28
986,2023-07-20 02:00:00,1828.01
987,2023-07-20 03:00:00,2056.39
988,2023-07-20 04:00:00,1974.48
989,2023-07-20 05:00:00,1743.83
990,2023-07-20 06:00:00,2000.46
991,2023-07-20 07:00:00,2069.41
992,2023-07-20 08:00:00,1783.57
993,2023-07-20 09:00:00,1688.09
994,2023-07-20 10:00:00,1879.63
995,2023-07-20 11:00:00,2270.1
996,2023-07-20 12:00:00,2246.83
997,2023-07-20 13:00:00,2335.31
998,2023-07-20 14:00:00,2253.31
999,2023-07-20 15:00:00,2230.04
1000,2023-07-20 16:00:00,2106.83
1001,2023-07-20 17:00:00,2119.41
1002,2023-07-20 18:00:00,2163.39
1003,2023-07-20 19:00:00,2152.19
1004,2023-07-20 20:00:00,2048.1
1005,2023-07-20 21:00:00,1849.63
1006,2023-07-20 22:00:00,1788.15
1007,2023-07-20 23:00:00,1753.14
1008,2023-07-21 00:00:00,1871.39
1009,2023-07-21 01:00:00,1821.96
1010,2023-07-21 02:00:00,1816.4
1011,2023-07-21 03:00:00,2052.61
1012,2023-07-21 04:00:00,1948.83
1013,2023-07-21 05:00:00,1801.22
1014,2023-07-21 06:00:00,1985.16
1015,2023-07-21 07:00:00,2055.38
1016,2023-07-21 08:00:00,1742.33
1017,2023-07-21 09:00:00,1686.43
1018,2023-07-21 10:00:00,2041.75
1019,2023-07-21 11:00:00,2295.3
1020,2023-07-21 12:00:00,2204.47
1021,2023-07-21 13:00:00,2211.88
1022,2023-07-21 14:00:00,2184.46
1023,2023-07-21 15:00:00,2107.97
1024,2023-07-21 16:00:00,2079.52
1025,2023-07-21 17:00:00,2070.06
1026,2023-07-21 18:00:00,2099.71
1027,2023-07-21 19:00:00,2052.86
1028,2023-07-21 20:00:00,1962.25
1029,2023-07-21 21:00:00,1833.18
1030,2023-07-21 22:00:00,1727.39
1031,2023-07-21 23:00:00,1695.45
1032,2023-07-22 00:00:00,1757.65
1033,2023-07-22 01:00:00,1818.94
1034,2023-07-22 02:00:00,1592.96
1035,2023-07-22 03:00:00,1688.09
1036,2023-07-22 04:00:00,1904.55
1037,2023-07-22 05:00:00,2141.17
1038,2023-07-22 06:00:00,1656.13
1039,2023-07-22 07:00:00,1954.37
1040,2023-07-22 08:00:00,1528.83
1041,2023-07-22 09:00:00,1480.05
1042,2023-07-22 10:00:00,2125.34
1043,2023-07-22 11:00:00,2180.25
1044,2023-07-22 12:00:00,1947.11
1045,2023-07-22 13:00:00,2000.17
1046,2023-07-22 14:00:00,1957.7
1047,2023-07-22 15:00:00,1765.13
1048,2023-07-22 16:00:00,1817.82
1049,2023-07-22 17:00:00,1746.58
1050,2023-07-22 18:00:00,1711.2
1051,2023-07-22 19:00:00,1724.84
1052,2023-07-22 20:00:00,1670.01
1053,2023-07-22 21:00:00,1390.16
1054,2023-07-22 22:00:00,1512.08
1055,2023-07-22 23:00:00,1603.63
1056,2023-07-23 00:00:00,1573.89
1057,2023-07-23 01:00:00,1766.33
1058,2023-07-23 02:00:00,1719.38
1059,2023-07-23 03:00:00,1729.92
1060,2023-07-23 04:00:00,2069.13
1061,2023-07-23 05:00:00,2117.34
1062,2023-07-23 06:00:00,1933.95
1063,2023-07-23 07:00:00,2144.48
1064,2023-07-23 08:00:00,1589.87
1065,2023-07-23 09:00:00,1373.93
1066,2023-07-23 10:00:00,2452.91
1067,2023-07-23 11:00:00,2210.25
1068,2023-07-23 12:00:00,1874.93
1069,2023-07-23 13:00:00,1893.82
1070,2023-07-23 14:00:00,1827.23
1071,2023-07-23 15:00:00,1679.69
1072,2023-07-23 16:00:00,1694.88
1073,2023-07-23 17:00:00,1683.4
1074,2023-07-23 18:00:00,1598.02
1075,2023-07-23 19:00:00,1646.55
1076,2023-07-23 20:00:00,1668.56
1077,2023-07-23 21:00:00,1609.15
1078,2023-07-23 22:00:00,1733.29
1079,2023-07-23 23:00:00,1791.26
1080,2023-07-24 00:00:00,1875.29
1081,2023-07-24 01:00:00,1931.68
1082,2023-07-24 02:00:00,1961.43
1083,2023-07-24 03:00:00,1985.93
1084,2023-07-24 04:00:00,2425.54
1085,2023-07-24 05:00:00,2020.2
1086,2023-07-24 06:00:00,1838.46
1087,2023-07-24 07:00:00,1848.61
1088,2023-07-24 08:00:00,1669.11
1089,2023-07-24 09:00:00,1610.5
1090,2023-07-24 10:00:00,2191.53
1091,2023-07-24 11:00:00,2459.2
1092,2023-07-24 12:00:00,2188.82
1093,2023-07-24 13:00:00,2339.55
1094,2023-07-24 14:00:00,2288.0
1095,2023-07-24 15:00:00,2223.07
1096,2023-07-24 16:00:00,2102.05
1097,2023-07-24 17:00:00,2098.14
1098,2023-07-24 18:00:00,2101.03
1099,2023-07-24 19:00:00,2092.88
1100,2023-07-24 20:00:00,2067.2
1101,2023-07-24 21:00:00,1737.8
1102,2023-07-24 22:00:00,1709.34
1103,2023-07-24 23:00:00,1755.85
1104,2023-07-25 00:00:00,1833.61
1105,2023-07-25 01:00:00,1868.11
1106,2023-07-25 02:00:00,1803.08
1107,2023-07-25 03:00:00,2021.07
1108,2023-07-25 04:00:00,1981.67
1109,2023-07-25 05:00:00,1933.68
1110,2023-07-25 06:00:00,1884.97
1111,2023-07-25 07:00:00,1943.85
1112,2023-07-25 08:00:00,1645.51
1113,2023-07-25 09:00:00,1658.14
1114,2023-07-25 10:00:00,1787.94
1115,2023-07-25 11:00:00,2191.23
1116,2023-07-25 12:00:00,2077.03
1117,2023-07-25 13:00:00,2096.97
1118,2023-07-25 14:00:00,2156.51
1119,2023-07-25 15:00:00,2197.73
1120,2023-07-25 16:00:00,2044.88
1121,2023-07-25 17:00:00,2103.1
1122,2023-07-25 18:00:00,2204.48
1123,2023-07-25 19:00:00,2126.58
1124,2023-07-25 20:00:00,2045.27
1125,2023-07-25 21:00:00,1875.33
1126,2023-07-25 22:00:00,1740.15
1127,2023-07-25 23:00:00,1662.95
1128,2023-07-26 00:00:00,1777.85
1129,2023-07-26 01:00:00,1868.99
1130,2023-07-26 02:00:00,1743.14
1131,2023-07-26 03:00:00,1848.05
1132,2023-07-26 04:00:00,1767.79
1133,2023-07-26 05:00:00,1667.75
1134,2023-07-26 06:00:00,1814.9
1135,2023-07-26 07:00:00,2107.5
1136,2023-07-26 08:00:00,1951.71
1137,2023-07-26 09:00:00,1907.41
1138,2023-07-26 10:00:00,2110.37
1139,2023-07-26 11:00:00,2213.54
1140,2023-07-26 12:00:00,2127.06
1141,2023-07-26 13:00:00,2188.86
1142,2023-07-26 14:00:00,2235.75
1143,2023-07-26 15:00:00,2152.28
1144,2023-07-26 16:00:00,2146.96
1145,2023-07-26 17:00:00,2166.61
1146,2023-07-26 18:00:00,2185.74
1147,2023-07-26 19:00:00,2177.97
1148,2023-07-26 20:00:00,2064.96
1149,2023-07-26 21:00:00,1860.95
1150,2023-07-26 22:00:00,1818.03
1151,2023-07-26 23:00:00,1786.51
1152,2023-07-27 00:00:00,1857.64
1153,2023-07-27 01:00:00,1881.03
1154,2023-07-27 02:00:00,1920.26
1155,2023-07-27 03:00:00,2173.9
1156,2023-07-27 04:00:00,2268.84
1157,2023-07-27 05:00:00,1758.67
1158,2023-07-27 06:00:00,1674.23
1159,2023-07-27 07:00:00,2085.29
1160,2023-07-27 08:00:00,1712.83
1161,2023-07-27 09:00:00,1579.74
1162,2023-07-27 10:00:00,2341.13
1163,2023-07-27 11:00:00,2317.68
1164,2023-07-27 12:00:00,2214.53
1165,2023-07-27 13:00:00,2225.23
1166,2023-07-27 14:00:00,2253.56
1167,2023-07-27 15:00:00,2207.26
1168,2023-07-27 16:00:00,2172.95
1169,2023-07-27 17:00:00,2108.93
1170,2023-07-27 18:00:00,2085.66
1171,2023-07-27 19:00:00,2061.44
1172,2023-07-27 20:00:00,2051.2
1173,2023-07-27 21:00:00,1890.12
1174,2023-07-27 22:00:00,1770.88
1175,2023-07-27 23:00:00,1729.51
1176,2023-07-28 00:00:00,1834.11
1177,2023-07-28 01:00:00,1852.46
1178,2023-07-28 02:00:00,1870.68
1179,2023-07-28 03:00:00,2036.56
1180,2023-07-28 04:00:00,1917.2
1181,2023-07-28 05:00:00,1767.22
1182,2023-07-28 06:00:00,1913.17
1183,2023-07-28 07:00:00,2194.12
1184,2023-07-28 08:00:00,1914.68
1185,2023-07-28 09:00:00,1911.69
1186,2023-07-28 10:00:00,2024.61
1187,2023-07-28 11:00:00,2321.76
1188,2023-07-28 12:00:00,2205.55
1189,2023-07-28 13:00:00,2185.33
1190,2023-07-28 14:00:00,2185.7
1191,2023-07-28 15:00:00,2159.39
1192,2023-07-28 16:00:00,2114.14
1193,2023-07-28 17:00:00,2091.18
1194,2023-07-28 18:00:00,2089.51
1195,2023-07-28 19:00:00,2100.0
1196,2023-07-28 20:00:00,2000.46
1197,2023-07-28 21:00:00,1821.41
1198,2023-07-28 22:00:00,1749.87
1199,2023-07-28 23:00:00,1772.35
1200,2023-07-29 00:00:00,1799.92
1201,2023-07-29 01:00:00,1795.96
1202,2023-07-29 02:00:00,1879.35
1203,2023-07-29 03:00:00,2072.74
1204,2023-07-29 04:00:00,1683.93
1205,2023-07-29 05:00:00,1483.13
1206,2023-07-29 06:00:00,1684.65
1207,2023-07-29 07:00:00,2038.09
1208,2023-07-29 08:00:00,1621.73
1209,2023-07-29 09:00:00,1485.88
1210,2023-07-29 10:00:00,2101.73
1211,2023-07-29 11:00:00,2168.59
1212,2023-07-29 12:00:00,1998.86
1213,2023-07-29 13:00:00,1956.55
1214,2023-07-29 14:00:00,1909.2
1215,2023-07-29 15:00:00,1785.86
1216,2023-07-29 16:00:00,1800.54
1217,2023-07-29 17:00:00,1702.88
1218,2023-07-29 18:00:00,1683.21
1219,2023-07-29 19:00:00,1705.73
1220,2023-07-29 20:00:00,1659.97
1221,2023-07-29 21:00:00,1383.6
1222,2023-07-29 22:00:00,1599.8
1223,2023-07-29 23:00:00,1556.26
1224,2023-07-30 00:00:00,1550.34
1225,2023-07-30 01:00:00,1733.78
1226,2023-07-30 02:00:00,1684.88
1227,2023-07-30 03:00:00,1716.72
1228,2023-07-30 04:00:00,2050.2
1229,2023-07-30 05:00:00,2416.32
1230,2023-07-30 06:00:00,2032.84
1231,2023-07-30 07:00:00,2084.73
1232,2023-07-30 08:00:00,1925.82
1233,2023-07-30 09:00:00,1795.03
1234,2023-07-30 10:00:00,2176.22
1235,2023-07-30 11:00:00,1773.7
1236,2023-07-30 12:00:00,1414.21
1237,2023-07-30 13:00:00,1643.61
1238,2023-07-30 14:00:00,1762.53
1239,2023-07-30 15:00:00,1600.04
1240,2023-07-30 16:00:00,1684.48
1241,2023-07-30 17:00:00,1533.78
1242,2023-07-30 18:00:00,1520.43
1243,2023-07-30 19:00:00,1603.58
1244,2023-07-30 20:00:00,1616.58
1245,2023-07-30 21:00:00,1534.61
1246,2023-07-30 22:00:00,1592.37
1247,2023-07-30 23:00:00,1677.13
1248,2023-07-31 00:00:00,1746.3
1249,2023-07-31 01:00:00,1942.76
1250,2023-07-31 02:00:00,1503.07
1251,2023-07-31 03:00:00,1832.01
1252,2023-07-31 04:00:00,2029.65
1253,2023-07-31 05:00:00,1954.24
1254,2023-07-31 06:00:00,1915.95
1255,2023-07-31 07:00:00,1861.31
1256,2023-07-31 08:00:00,1569.09
1257,2023-07-31 09:00:00,1693.56
1258,2023-07-31 10:00:00,2085.88
1259,2023-07-31 11:00:00,2452.68
1260,2023-07-31 12:00:00,2219.3
1261,2023-07-31 13:00:00,2250.83
1262,2023-07-31 14:00:00,2298.58
1263,2023-07-31 15:00:00,2343.25
1264,2023-07-31 16:00:00,2326.24
1265,2023-07-31 17:00:00,2164.92
1266,2023-07-31 18:00:00,2181.23
1267,2023-07-31 19:00:00,2164.32
1268,2023-07-31 20:00:00,2165.65
1269,2023-07-31 21:00:00,1932.35
1270,2023-07-31 22:00:00,1810.0
1271,2023-07-31 23:00:00,1776.74
1272,2023-08-01 00:00:00,1912.68
1273,2023-08-01 01:00:00,1879.93
1274,2023-08-01 02:00:00,1921.71
1275,2023-08-01 03:00:00,1994.19
1276,2023-08-01 04:00:00,1748.61
1277,2023-08-01 05:00:00,1783.53
1278,2023-08-01 06:00:00,1841.0
1279,2023-08-01 07:00:00,2061.98
1280,2023-08-01 08:00:00,1770.49
1281,2023-08-01 09:00:00,1964.78
1282,2023-08-01 10:00:00,2315.47
1283,2023-08-01 11:00:00,2174.36
1284,2023-08-01 12:00:00,2057.12
1285,2023-08-01 13:00:00,2215.31
1286,2023-08-01 14:00:00,2331.51
1287,2023-08-01 15:00:00,2309.18
1288,2023-08-01 16:00:00,2061.66
1289,2023-08-01 17:00:00,2202.9
1290,2023-08-01 18:00:00,2177.32
1291,2023-08-01 19:00:00,2210.94
1292,2023-08-01 20:00:00,2201.09
1293,2023-08-01 21:00:00,1878.35
1294,2023-08-01 22:00:00,1819.52
1295,2023-08-01 23:00:00,1783.97
1296,2023-08-02 00:00:00,1791.17
1297,2023-08-02 01:00:00,1809.7
1298,2023-08-02 02:00:00,1824.29
1299,2023-08-02 03:00:00,2240.22
1300,2023-08-02 04:00:00,2066.61
1301,2023-08-02 05:00:00,1713.09
1302,2023-08-02 06:00:00,1930.33
1303,2023-08-02 07:00:00,2077.04
1304,2023-08-02 08:00:00,1720.45
1305,2023-08-02 09:00:00,1777.51
1306,2023-08-02 10:00:00,1993.8
1307,2023-08-02 11:00:00,2123.87
1308,2023-08-02 12:00:00,2037.26
1309,2023-08-02 13:00:00,2203.16
1310,2023-08-02 14:00:00,2291.64
1311,2023-08-02 15:00:00,2194.21
1312,2023-08-02 16:00:00,2213.41
1313,2023-08-02 17:00:00,2102.15
1314,2023-08-02 18:00:00,2106.4
1315,2023-08-02 19:00:00,2170.4
1316,2023-08-02 20:00:00,2073.63
1317,2023-08-02 21:00:00,1845.67
1318,2023-08-02 22:00:00,1717.17
1319,2023-08-02 23:00:00,1621.08
1320,2023-08-03 00:00:00,1680.54
1321,2023-08-03 01:00:00,1646.64
1322,2023-08-03 02:00:00,1691.91
1323,2023-08-03 03:00:00,1947.4
1324,2023-08-03 04:00:00,1532.46
1325,2023-08-03 05:00:00,1742.24
1326,2023-08-03 06:00:00,1946.46
1327,2023-08-03 07:00:00,2112.13
1328,2023-08-03 08:00:00,1832.92
1329,2023-08-03 09:00:00,1816.44
1330,2023-08-03 10:00:00,1994.72
1331,2023-08-03 11:00:00,2323.18
1332,2023-08-03 12:00:00,2224.77
1333,2023-08-03 13:00:00,2201.7
1334,2023-08-03 14:00:00,2304.63
1335,2023-08-03 15:00:00,2179.66
1336,2023-08-03 16:00:00,2117.75
1337,2023-08-03 17:00:00,2120.22
1338,2023-08-03 18:00:00,2093.13
1339,2023-08-03 19:00:00,2120.48
1340,2023-08-03 20:00:00,2047.46
1341,2023-08-03 21:00:00,1873.96
1342,2023-08-03 22:00:00,1770.99
1343,2023-08-03 23:00:00,1675.71
1344,2023-08-04 00:00:00,1737.44
1345,2023-08-04 01:00:00,1759.77
1346,2023-08-04 02:00:00,1943.61
1347,2023-08-04 03:00:00,2163.39
1348,2023-08-04 04:00:00,2069.71
1349,2023-08-04 05:00:00,1799.25
1350,2023-08-04 06:00:00,2112.82
1351,2023-08-04 07:00:00,2185.58
1352,2023-08-04 08:00:00,2086.39
1353,2023-08-04 09:00:00,1637.07
1354,2023-08-04 10:00:00,2299.68
1355,2023-08-04 11:00:00,2371.2
1356,2023-08-04 12:00:00,2313.31
1357,2023-08-04 13:00:00,2279.87
1358,2023-08-04 14:00:00,2352.47
1359,2023-08-04 15:00:00,2318.99
1360,2023-08-04 16:00:00,2130.98
1361,2023-08-04 17:00:00,2134.67
1362,2023-08-04 18:00:00,2174.67
1363,2023-08-04 19:00:00,2141.38
1364,2023-08-04 20:00:00,2021.72
1365,2023-08-04 21:00:00,1892.27
1366,2023-08-04 22:00:00,1763.71
1367,2023-08-04 23:00:00,1769.22
1368,2023-08-05 00:00:00,1771.14
1369,2023-08-05 01:00:00,1678.77
1370,2023-08-05 02:00:00,1628.45
1371,2023-08-05 03:00:00,1764.03
1372,2023-08-05 04:00:00,1491.23
1373,2023-08-05 05:00:00,1701.91
1374,2023-08-05 06:00:00,1924.42
1375,2023-08-05 07:00:00,1933.49
1376,2023-08-05 08:00:00,1646.6
1377,2023-08-05 09:00:00,1392.74
1378,2023-08-05 10:00:00,1961.73
1379,2023-08-05 11:00:00,1975.66
1380,2023-08-05 12:00:00,1903.65
1381,2023-08-05 13:00:00,1962.25
1382,2023-08-05 14:00:00,1940.12
1383,2023-08-05 15:00:00,1812.64
1384,2023-08-05 16:00:00,1826.1
1385,2023-08-05 17:00:00,1755.68
1386,2023-08-05 18:00:00,1733.84
1387,2023-08-05 19:00:00,1774.64
1388,2023-08-05 20:00:00,1736.51
1389,2023-08-05 21:00:00,1392.89
1390,2023-08-05 22:00:00,1584.19
1391,2023-08-05 23:00:00,1651.75
1392,2023-08-06 00:00:00,1657.12
1393,2023-08-06 01:00:00,1849.31
1394,2023-08-06 02:00:00,1735.35
1395,2023-08-06 03:00:00,1777.05
1396,2023-08-06 04:00:00,2193.33
1397,2023-08-06 05:00:00,2261.04
1398,2023-08-06 06:00:00,2091.6
1399,2023-08-06 07:00:00,2296.41
1400,2023-08-06 08:00:00,1528.7
1401,2023-08-06 09:00:00,1497.16
1402,2023-08-06 10:00:00,2362.92
1403,2023-08-06 11:00:00,2239.2
1404,2023-08-06 12:00:00,1883.7
1405,2023-08-06 13:00:00,2009.65
1406,2023-08-06 14:00:00,1921.49
1407,2023-08-06 15:00:00,1774.79
1408,2023-08-06 16:00:00,1804.1
1409,2023-08-06 17:00:00,1618.1
1410,2023-08-06 18:00:00,1577.92
1411,2023-08-06 19:00:00,1646.46
1412,2023-08-06 20:00:00,1697.26
1413,2023-08-06 21:00:00,1630.57
1414,2023-08-06 22:00:00,1755.96
1415,2023-08-06 23:00:00,1818.51
1416,2023-08-07 00:00:00,1895.5
1417,2023-08-07 01:00:00,1846.39
1418,2023-08-07 02:00:00,1554.12
1419,2023-08-07 03:00:00,2071.93
1420,2023-08-07 04:00:00,2640.8
1421,2023-08-07 05:00:00,2109.52
1422,2023-08-07 06:00:00,1929.35
1423,2023-08-07 07:00:00,2004.64
1424,2023-08-07 08:00:00,1742.9
1425,2023-08-07 09:00:00,1616.59
1426,2023-08-07 10:00:00,2369.08
1427,2023-08-07 11:00:00,2537.93
1428,2023-08-07 12:00:00,2234.7
1429,2023-08-07 13:00:00,2230.89
1430,2023-08-07 14:00:00,2279.9
1431,2023-08-07 15:00:00,2282.83
1432,2023-08-07 16:00:00,2181.87
1433,2023-08-07 17:00:00,2173.94
1434,2023-08-07 18:00:00,2218.59
1435,2023-08-07 19:00:00,2157.2
1436,2023-08-07 20:00:00,2012.97
1437,2023-08-07 21:00:00,1865.15
1438,2023-08-07 22:00:00,1921.74
1439,2023-08-07 23:00:00,1819.95
1440,2023-08-08 00:00:00,1780.92
1441,2023-08-08 01:00:00,1715.46
1442,2023-08-08 02:00:00,1746.67
1443,2023-08-08 03:00:00,1968.66
1444,2023-08-08 04:00:00,2190.07
1445,2023-08-08 05:00:00,2021.02
1446,2023-08-08 06:00:00,1622.28
1447,2023-08-08 07:00:00,1986.75
1448,2023-08-08 08:00:00,1766.19
1449,2023-08-08 09:00:00,1642.05
1450,2023-08-08 10:00:00,2354.41
1451,2023-08-08 11:00:00,2366.28
1452,2023-08-08 12:00:00,2126.29
1453,2023-08-08 13:00:00,2266.6
1454,2023-08-08 14:00:00,2343.19
1455,2023-08-08 15:00:00,2296.47
1456,2023-08-08 16:00:00,2226.15
1457,2023-08-08 17:00:00,2180.28
1458,2023-08-08 18:00:00,2084.4
1459,2023-08-08 19:00:00,2140.48
1460,2023-08-08 20:00:00,2127.6
1461,2023-08-08 21:00:00,1892.1
1462,2023-08-08 22:00:00,1762.12
1463,2023-08-08 23:00:00,1728.78
1464,2023-08-09 00:00:00,1814.43
1465,2023-08-09 01:00:00,1782.35
1466,2023-08-09 02:00:00,1872.42
1467,2023-08-09 03:00:00,1836.85
1468,2023-08-09 04:00:00,1662.16
1469,2023-08-09 05:00:00,1776.13
1470,2023-08-09 06:00:00,1989.29
1471,2023-08-09 07:00:00,2098.81
1472,2023-08-09 08:00:00,1940.85
1473,2023-08-09 09:00:00,1628.6
1474,2023-08-09 10:00:00,2184.26
1475,2023-08-09 11:00:00,2243.79
1476,2023-08-09 12:00:00,2265.18
1477,2023-08-09 13:00:00,2315.88
1478,2023-08-09 14:00:00,2361.67
1479,2023-08-09 15:00:00,2395.42
1480,2023-08-09 16:00:00,2351.97
1481,2023-08-09 17:00:00,2266.81
1482,2023-08-09 18:00:00,2276.85
1483,2023-08-09 19:00:00,2286.3
1484,2023-08-09 20:00:00,2187.85
1485,2023-08-09 21:00:00,1937.93
1486,2023-08-09 22:00:00,1807.79
1487,2023-08-09 23:00:00,1754.6
1488,2023-08-10 00:00:00,1878.7
1489,2023-08-10 01:00:00,1878.86
1490,2023-08-10 02:00:00,1672.14
1491,2023-08-10 03:00:00,1807.17
1492,2023-08-10 04:00:00,1969.6
1493,2023-08-10 05:00:00,1690.49
1494,2023-08-10 06:00:00,1885.18
1495,2023-08-10 07:00:00,2167.11
1496,2023-08-10 08:00:00,1922.5
1497,2023-08-10 09:00:00,1561.35
1498,2023-08-10 10:00:00,2187.56
1499,2023-08-10 11:00:00,2400.24
1500,2023-08-10 12:00:00,2211.35
1501,2023-08-10 13:00:00,2258.88
1502,2023-08-10 14:00:00,2369.15
1503,2023-08-10 15:00:00,2320.0
1504,2023-08-10 16:00:00,2254.88
1505,2023-08-10 17:00:00,2236.02
1506,2023-08-10 18:00:00,2195.16
1507,2023-08-10 19:00:00,2206.33
1508,2023-08-10 20:00:00,2156.92
1509,2023-08-10 21:00:00,1934.36
1510,2023-08-10 22:00:00,1746.95
1511,2023-08-10 23:00:00,1687.92
1512,2023-08-11 00:00:00,1892.21
1513,2023-08-11 01:00:00,1769.45
1514,2023-08-11 02:00:00,1903.77
1515,2023-08-11 03:00:00,2171.44
1516,2023-08-11 04:00:00,2435.91
1517,2023-08-11 05:00:00,1800.57
1518,2023-08-11 06:00:00,1796.1
1519,2023-08-11 07:00:00,1955.88
1520,2023-08-11 08:00:00,1845.71
1521,2023-08-11 09:00:00,1898.79
1522,2023-08-11 10:00:00,2119.36
1523,2023-08-11 11:00:00,2072.2
1524,2023-08-11 12:00:00,2063.73
1525,2023-08-11 13:00:00,2204.26
1526,2023-08-11 14:00:00,2215.75
1527,2023-08-11 15:00:00,2201.98
1528,2023-08-11 16:00:00,2124.66
1529,2023-08-11 17:00:00,2096.12
1530,2023-08-11 18:00:00,2042.38
1531,2023-08-11 19:00:00,2054.11
1532,2023-08-11 20:00:00,2003.72
1533,2023-08-11 21:00:00,1825.43
1534,2023-08-11 22:00:00,1720.21
1535,2023-08-11 23:00:00,1696.05
1536,2023-08-12 00:00:00,1723.65
1537,2023-08-12 01:00:00,1723.31
1538,2023-08-12 02:00:00,1568.52
1539,2023-08-12 03:00:00,1783.68
1540,2023-08-12 04:00:00,1550.76
1541,2023-08-12 05:00:00,1584.16
1542,2023-08-12 06:00:00,2003.89
1543,2023-08-12 07:00:00,2088.75
1544,2023-08-12 08:00:00,1643.96
1545,2023-08-12 09:00:00,1470.97
1546,2023-08-12 10:00:00,1760.01
1547,2023-08-12 11:00:00,1943.12
1548,2023-08-12 12:00:00,1985.78
1549,2023-08-12 13:00:00,1987.95
1550,2023-08-12 14:00:00,1909.26
1551,2023-08-12 15:00:00,1783.21
1552,2023-08-12 16:00:00,1836.51
1553,2023-08-12 17:00:00,1771.22
1554,2023-08-12 18:00:00,1668.15
1555,2023-08-12 19:00:00,1692.83
1556,2023-08-12 20:00:00,1691.96
1557,2023-08-12 21:00:00,1372.69
1558,2023-08-12 22:00:00,1518.28
1559,2023-08-12 23:00:00,1590.48
1560,2023-08-13 00:00:00,1579.57
1561,2023-08-13 01:00:00,1725.24
1562,2023-08-13 02:00:00,1720.36
1563,2023-08-13 03:00:00,1690.12
1564,2023-08-13 04:00:00,2115.36
1565,2023-08-13 05:00:00,2171.64
1566,2023-08-13 06:00:00,2044.73
1567,2023-08-13 07:00:00,2280.06
1568,2023-08-13 08:00:00,1908.76
1569,2023-08-13 09:00:00,1975.94
1570,2023-08-13 10:00:00,2224.87
1571,2023-08-13 11:00:00,2159.81
1572,2023-08-13 12:00:00,1917.83
1573,2023-08-13 13:00:00,1936.83
1574,2023-08-13 14:00:00,1896.59
1575,2023-08-13 15:00:00,1830.6
1576,2023-08-13 16:00:00,1882.13
1577,2023-08-13 17:00:00,1709.5
1578,2023-08-13 18:00:00,1659.81
1579,2023-08-13 19:00:00,1719.45
1580,2023-08-13 20:00:00,1825.59
1581,2023-08-13 21:00:00,1741.42
1582,2023-08-13 22:00:00,1836.66
1583,2023-08-13 23:00:00,1990.0
1584,2023-08-14 00:00:00,1581.67
1585,2023-08-14 01:00:00,1829.63
1586,2023-08-14 02:00:00,2201.11
1587,2023-08-14 03:00:00,1530.35
1588,2023-08-14 04:00:00,2088.62
1589,2023-08-14 05:00:00,2090.62
1590,2023-08-14 06:00:00,1938.64
1591,2023-08-14 07:00:00,2042.62
1592,2023-08-14 08:00:00,1983.63
1593,2023-08-14 09:00:00,2083.4
1594,2023-08-14 10:00:00,2405.3
1595,2023-08-14 11:00:00,2526.87
1596,2023-08-14 12:00:00,2345.24
1597,2023-08-14 13:00:00,2216.86
1598,2023-08-14 14:00:00,2370.25
1599,2023-08-14 15:00:00,2320.22
1600,2023-08-14 16:00:00,2277.55
1601,2023-08-14 17:00:00,2255.54
1602,2023-08-14 18:00:00,2285.19
1603,2023-08-14 19:00:00,2276.9
1604,2023-08-14 20:00:00,2171.82
1605,2023-08-14 21:00:00,1878.3
1606,2023-08-14 22:00:00,1789.4
1607,2023-08-14 23:00:00,1863.44
1608,2023-08-15 00:00:00,1878.0
1609,2023-08-15 01:00:00,1881.86
1610,2023-08-15 02:00:00,1803.25
1611,2023-08-15 03:00:00,1967.44
1612,2023-08-15 04:00:00,2019.62
1613,2023-08-15 05:00:00,2036.94
1614,2023-08-15 06:00:00,1826.7
1615,2023-08-15 07:00:00,1995.49
1616,2023-08-15 08:00:00,1675.16
1617,2023-08-15 09:00:00,1601.34
1618,2023-08-15 10:00:00,2222.93
1619,2023-08-15 11:00:00,2229.85
1620,2023-08-15 12:00:00,2076.27
1621,2023-08-15 13:00:00,2076.68
1622,2023-08-15 14:00:00,2141.14
1623,2023-08-15 15:00:00,2236.97
1624,2023-08-15 16:00:00,2199.83
1625,2023-08-15 17:00:00,2142.47
1626,2023-08-15 18:00:00,2166.32
1627,2023-08-15 19:00:00,2089.12
1628,2023-08-15 20:00:00,2043.95
1629,2023-08-15 21:00:00,1892.16
1630,2023-08-15 22:00:00,1769.21
1631,2023-08-15 23:00:00,1805.39
1632,2023-08-16 00:00:00,1836.59
1633,2023-08-16 01:00:00,1824.24
1634,2023-08-16 02:00:00,1701.36
1635,2023-08-16 03:00:00,1719.03
1636,2023-08-16 04:00:00,2054.5
1637,2023-08-16 05:00:00,1996.75
1638,2023-08-16 06:00:00,1693.84
1639,2023-08-16 07:00:00,1915.02
1640,2023-08-16 08:00:00,1821.9
1641,2023-08-16 09:00:00,1577.0
1642,2023-08-16 10:00:00,2109.64
1643,2023-08-16 11:00:00,2121.72
1644,2023-08-16 12:00:00,2151.1
1645,2023-08-16 13:00:00,2320.52
1646,2023-08-16 14:00:00,2412.48
1647,2023-08-16 15:00:00,2343.31
1648,2023-08-16 16:00:00,2236.74
1649,2023-08-16 17:00:00,2272.86
1650,2023-08-16 18:00:00,2223.49
1651,2023-08-16 19:00:00,2298.06
1652,2023-08-16 20:00:00,2165.26
1653,2023-08-16 21:00:00,1896.01
1654,2023-08-16 22:00:00,1771.74
1655,2023-08-16 23:00:00,1815.05
1656,2023-08-17 00:00:00,1830.81
1657,2023-08-17 01:00:00,1885.27
1658,2023-08-17 02:00:00,1923.76
1659,2023-08-17 03:00:00,2203.33
1660,2023-08-17 04:00:00,2031.86
1661,2023-08-17 05:00:00,2148.59
1662,2023-08-17 06:00:00,2269.66
1663,2023-08-17 07:00:00,2340.69
1664,2023-08-17 08:00:00,2022.84
1665,2023-08-17 09:00:00,1736.39
1666,2023-08-17 10:00:00,2482.84
1667,2023-08-17 11:00:00,2577.67
1668,2023-08-17 12:00:00,2408.58
1669,2023-08-17 13:00:00,2363.35
1670,2023-08-17 14:00:00,2548.69
1671,2023-08-17 15:00:00,2442.25
1672,2023-08-17 16:00:00,2413.85
1673,2023-08-17 17:00:00,2373.51
1674,2023-08-17 18:00:00,2437.53
1675,2023-08-17 19:00:00,2387.43
1676,2023-08-17 20:00:00,2286.44
1677,2023-08-17 21:00:00,1991.01
1678,2023-08-17 22:00:00,1866.63
1679,2023-08-17 23:00:00,1855.03
1680,2023-08-18 00:00:00,1961.34
1681,2023-08-18 01:00:00,1943.96
1682,2023-08-18 02:00:00,2011.86
1683,2023-08-18 03:00:00,2223.88
1684,2023-08-18 04:00:00,1777.96
1685,2023-08-18 05:00:00,1947.3
1686,2023-08-18 06:00:00,2291.6
1687,2023-08-18 07:00:00,2506.61
1688,2023-08-18 08:00:00,2044.96
1689,2023-08-18 09:00:00,1815.22
1690,2023-08-18 10:00:00,2358.41
1691,2023-08-18 11:00:00,2441.35
1692,2023-08-18 12:00:00,2389.34
1693,2023-08-18 13:00:00,2417.53
1694,2023-08-18 14:00:00,2438.81
1695,2023-08-18 15:00:00,2442.33
1696,2023-08-18 16:00:00,2394.18
1697,2023-08-18 17:00:00,2392.99
1698,2023-08-18 18:00:00,2400.88
1699,2023-08-18 19:00:00,2369.44
1700,2023-08-18 20:00:00,2227.72
1701,2023-08-18 21:00:00,2003.61
1702,2023-08-18 22:00:00,1851.68
1703,2023-08-18 23:00:00,1853.65
1704,2023-08-19 00:00:00,1944.42
1705,2023-08-19 01:00:00,1968.82
1706,2023-08-19 02:00:00,1784.75
1707,2023-08-19 03:00:00,1999.07
1708,2023-08-19 04:00:00,1543.29
1709,2023-08-19 05:00:00,1978.28
1710,2023-08-19 06:00:00,2127.97
1711,2023-08-19 07:00:00,2116.66
1712,2023-08-19 08:00:00,1700.08
1713,2023-08-19 09:00:00,1552.24
1714,2023-08-19 10:00:00,2263.35
1715,2023-08-19 11:00:00,2435.01
1716,2023-08-19 12:00:00,2183.54
1717,2023-08-19 13:00:00,2215.34
1718,2023-08-19 14:00:00,2177.2
1719,2023-08-19 15:00:00,2004.28
1720,2023-08-19 16:00:00,2081.09
1721,2023-08-19 17:00:00,1978.04
1722,2023-08-19 18:00:00,1901.51
1723,2023-08-19 19:00:00,1940.92
1724,2023-08-19 20:00:00,1949.31
1725,2023-08-19 21:00:00,1643.28
1726,2023-08-19 22:00:00,1770.16
1727,2023-08-19 23:00:00,1807.54
1728,2023-08-20 00:00:00,1873.7
1729,2023-08-20 01:00:00,2074.97
1730,2023-08-20 02:00:00,1956.23
1731,2023-08-20 03:00:00,2030.64
1732,2023-08-20 04:00:00,2328.2
1733,2023-08-20 05:00:00,2376.87
1734,2023-08-20 06:00:00,2128.77
1735,2023-08-20 07:00:00,2338.41
1736,2023-08-20 08:00:00,1628.02
1737,2023-08-20 09:00:00,1596.77
1738,2023-08-20 10:00:00,2279.55
1739,2023-08-20 11:00:00,2154.58
1740,2023-08-20 12:00:00,2088.91
1741,2023-08-20 13:00:00,2059.53
1742,2023-08-20 14:00:00,2057.53
1743,2023-08-20 15:00:00,1873.64
1744,2023-08-20 16:00:00,1881.64
1745,2023-08-20 17:00:00,1882.51
1746,2023-08-20 18:00:00,1777.63
1747,2023-08-20 19:00:00,1837.26
1748,2023-08-20 20:00:00,1883.68
1749,2023-08-20 21:00:00,1827.5
1750,2023-08-20 22:00:00,1871.39
1751,2023-08-20 23:00:00,1924.03
1752,2023-08-21 00:00:00,1962.23
1753,2023-08-21 01:00:00,1970.94
1754,2023-08-21 02:00:00,1703.95
1755,2023-08-21 03:00:00,2113.13
1756,2023-08-21 04:00:00,2266.64
1757,2023-08-21 05:00:00,2236.43
1758,2023-08-21 06:00:00,2113.69
1759,2023-08-21 07:00:00,2202.89
1760,2023-08-21 08:00:00,1821.62
1761,2023-08-21 09:00:00,1762.9
1762,2023-08-21 10:00:00,2465.55
1763,2023-08-21 11:00:00,2597.0
1764,2023-08-21 12:00:00,2344.82
1765,2023-08-21 13:00:00,2452.77
1766,2023-08-21 14:00:00,2590.94
1767,2023-08-21 15:00:00,2531.44
1768,2023-08-21 16:00:00,2367.04
1769,2023-08-21 17:00:00,2424.7
1770,2023-08-21 18:00:00,2358.51
1771,2023-08-21 19:00:00,2361.41
1772,2023-08-21 20:00:00,2274.83
1773,2023-08-21 21:00:00,1926.46
1774,2023-08-21 22:00:00,1833.29
1775,2023-08-21 23:00:00,1784.49
1776,2023-08-22 00:00:00,1867.69
1777,2023-08-22 01:00:00,2073.06
1778,2023-08-22 02:00:00,1810.54
1779,2023-08-22 03:00:00,1906.6
1780,2023-08-22 04:00:00,2066.83
1781,2023-08-22 05:00:00,1671.24
1782,2023-08-22 06:00:00,1779.44
1783,2023-08-22 07:00:00,1875.71
1784,2023-08-22 08:00:00,1731.67
1785,2023-08-22 09:00:00,1575.66
1786,2023-08-22 10:00:00,2077.86
1787,2023-08-22 11:00:00,2164.2
1788,2023-08-22 12:00:00,2249.9
1789,2023-08-22 13:00:00,2222.97
1790,2023-08-22 14:00:00,2215.49
1791,2023-08-22 15:00:00,2244.17
1792,2023-08-22 16:00:00,2214.86
1793,2023-08-22 17:00:00,2154.09
1794,2023-08-22 18:00:00,2170.77
1795,2023-08-22 19:00:00,2150.97
1796,2023-08-22 20:00:00,2081.11
1797,2023-08-22 21:00:00,1803.82
1798,2023-08-22 22:00:00,1724.07
1799,2023-08-22 23:00:00,1642.79
1800,2023-08-23 00:00:00,1706.76
1801,2023-08-23 01:00:00,1826.41
1802,2023-08-23 02:00:00,1966.15
1803,2023-08-23 03:00:00,1818.89
1804,2023-08-23 04:00:00,1982.15
1805,2023-08-23 05:00:00,1897.87
1806,2023-08-23 06:00:00,1863.82
1807,2023-08-23 07:00:00,1548.22
1808,2023-08-23 08:00:00,1679.83
1809,2023-08-23 09:00:00,1798.51
1810,2023-08-23 10:00:00,1666.46
1811,2023-08-23 11:00:00,2182.04
1812,2023-08-23 12:00:00,2046.7
1813,2023-08-23 13:00:00,2248.44
1814,2023-08-23 14:00:00,2303.37
1815,2023-08-23 15:00:00,2271.12
1816,2023-08-23 16:00:00,2233.85
1817,2023-08-23 17:00:00,2205.08
1818,2023-08-23 18:00:00,2192.22
1819,2023-08-23 19:00:00,2113.97
1820,2023-08-23 20:00:00,2150.38
1821,2023-08-23 21:00:00,1847.74
1822,2023-08-23 22:00:00,1721.86
1823,2023-08-23 23:00:00,1612.31
1824,2023-08-24 00:00:00,1738.64
1825,2023-08-24 01:00:00,1777.36
1826,2023-08-24 02:00:00,1841.43
1827,2023-08-24 03:00:00,1842.35
1828,2023-08-24 04:00:00,1723.93
1829,2023-08-24 05:00:00,1827.95
1830,2023-08-24 06:00:00,1930.67
1831,2023-08-24 07:00:00,2026.16
1832,2023-08-24 08:00:00,2023.98
1833,2023-08-24 09:00:00,2050.15
1834,2023-08-24 10:00:00,2142.49
1835,2023-08-24 11:00:00,2132.02
1836,2023-08-24 12:00:00,1968.86
1837,2023-08-24 13:00:00,2161.04
1838,2023-08-24 14:00:00,2220.4
1839,2023-08-24 15:00:00,2239.89
1840,2023-08-24 16:00:00,2152.81
1841,2023-08-24 17:00:00,2100.45
1842,2023-08-24 18:00:00,2121.96
1843,2023-08-24 19:00:00,2062.72
1844,2023-08-24 20:00:00,1988.62
1845,2023-08-24 21:00:00,1771.42
1846,2023-08-24 22:00:00,1722.8
1847,2023-08-24 23:00:00,1637.06
1848,2023-08-25 00:00:00,1819.35
1849,2023-08-25 01:00:00,1862.36
1850,2023-08-25 02:00:00,1966.07
1851,2023-08-25 03:00:00,1859.02
1852,2023-08-25 04:00:00,2255.73
1853,2023-08-25 05:00:00,1463.27
1854,2023-08-25 06:00:00,1593.44
1855,2023-08-25 07:00:00,2028.05
1856,2023-08-25 08:00:00,2004.07
1857,2023-08-25 09:00:00,2013.01
1858,2023-08-25 10:00:00,1632.63
1859,2023-08-25 11:00:00,2016.7
1860,2023-08-25 12:00:00,2175.34
1861,2023-08-25 13:00:00,2160.81
1862,2023-08-25 14:00:00,2132.43
1863,2023-08-25 15:00:00,2107.98
1864,2023-08-25 16:00:00,2063.64
1865,2023-08-25 17:00:00,2066.29
1866,2023-08-25 18:00:00,2079.33
1867,2023-08-25 19:00:00,2043.63
1868,2023-08-25 20:00:00,1909.09
1869,2023-08-25 21:00:00,1797.39
1870,2023-08-25 22:00:00,1663.94
1871,2023-08-25 23:00:00,1652.57
1872,2023-08-26 00:00:00,1728.98
1873,2023-08-26 01:00:00,1688.65
1874,2023-08-26 02:00:00,1561.32
1875,2023-08-26 03:00:00,1734.77
1876,2023-08-26 04:00:00,1404.66
1877,2023-08-26 05:00:00,1514.7
1878,2023-08-26 06:00:00,1932.54
1879,2023-08-26 07:00:00,2021.5
1880,2023-08-26 08:00:00,1565.39
1881,2023-08-26 09:00:00,1359.46
1882,2023-08-26 10:00:00,2334.55
1883,2023-08-26 11:00:00,2369.49
1884,2023-08-26 12:00:00,2062.67
1885,2023-08-26 13:00:00,1970.05
1886,2023-08-26 14:00:00,2086.92
1887,2023-08-26 15:00:00,1890.62
1888,2023-08-26 16:00:00,1839.63
1889,2023-08-26 17:00:00,1799.11
1890,2023-08-26 18:00:00,1741.7
1891,2023-08-26 19:00:00,1780.23
1892,2023-08-26 20:00:00,1763.81
1893,2023-08-26 21:00:00,1438.79
1894,2023-08-26 22:00:00,1546.49
1895,2023-08-26 23:00:00,1600.67
1896,2023-08-27 00:00:00,1629.34
1897,2023-08-27 01:00:00,1775.63
1898,2023-08-27 02:00:00,1677.24
1899,2023-08-27 03:00:00,1691.05
1900,2023-08-27 04:00:00,2129.29
1901,2023-08-27 05:00:00,2312.35
1902,2023-08-27 06:00:00,2129.07
1903,2023-08-27 07:00:00,2206.85
1904,2023-08-27 08:00:00,1459.84
1905,2023-08-27 09:00:00,1479.44
1906,2023-08-27 10:00:00,2295.71
1907,2023-08-27 11:00:00,2240.92
1908,2023-08-27 12:00:00,1969.84
1909,2023-08-27 13:00:00,1935.67
1910,2023-08-27 14:00:00,1882.22
1911,2023-08-27 15:00:00,1693.76
1912,2023-08-27 16:00:00,1612.63
1913,2023-08-27 17:00:00,1585.13
1914,2023-08-27 18:00:00,1561.33
1915,2023-08-27 19:00:00,1553.28
1916,2023-08-27 20:00:00,1641.2
1917,2023-08-27 21:00:00,1540.77
1918,2023-08-27 22:00:00,1695.05
1919,2023-08-27 23:00:00,1734.16
1920,2023-08-28 00:00:00,1820.21
1921,2023-08-28 01:00:00,2008.12
1922,2023-08-28 02:00:00,1478.42
1923,2023-08-28 03:00:00,1785.19
1924,2023-08-28 04:00:00,1954.96
1925,2023-08-28 05:00:00,2061.49
1926,2023-08-28 06:00:00,1973.96
1927,2023-08-28 07:00:00,1969.52
1928,2023-08-28 08:00:00,1648.49
1929,2023-08-28 09:00:00,1617.78
1930,2023-08-28 10:00:00,2470.81
1931,2023-08-28 11:00:00,2394.7
1932,2023-08-28 12:00:00,2215.46
1933,2023-08-28 13:00:00,2213.24
1934,2023-08-28 14:00:00,2270.71
1935,2023-08-28 15:00:00,2273.79
1936,2023-08-28 16:00:00,2236.02
1937,2023-08-28 17:00:00,2206.58
1938,2023-08-28 18:00:00,2186.76
1939,2023-08-28 19:00:00,2151.65
1940,2023-08-28 20:00:00,2135.77
1941,2023-08-28 21:00:00,1773.49
1942,2023-08-28 22:00:00,1745.26
1943,2023-08-28 23:00:00,1787.35
1944,2023-08-29 00:00:00,1827.45
1945,2023-08-29 01:00:00,1819.86
1946,2023-08-29 02:00:00,1741.81
1947,2023-08-29 03:00:00,1850.83
1948,2023-08-29 04:00:00,1651.26
1949,2023-08-29 05:00:00,1745.07
1950,2023-08-29 06:00:00,1727.85
1951,2023-08-29 07:00:00,1821.03
1952,2023-08-29 08:00:00,1637.76
1953,2023-08-29 09:00:00,1561.45
1954,2023-08-29 10:00:00,2113.08
1955,2023-08-29 11:00:00,2104.14
1956,2023-08-29 12:00:00,2110.37
1957,2023-08-29 13:00:00,2283.76
1958,2023-08-29 14:00:00,2225.39
1959,2023-08-29 15:00:00,2195.23
1960,2023-08-29 16:00:00,2171.9
1961,2023-08-29 17:00:00,2219.29
1962,2023-08-29 18:00:00,2122.58
1963,2023-08-29 19:00:00,2107.23
1964,2023-08-29 20:00:00,2054.62
1965,2023-08-29 21:00:00,1773.97
1966,2023-08-29 22:00:00,1740.0
1967,2023-08-29 23:00:00,1737.24
1968,2023-08-30 00:00:00,1809.21
1969,2023-08-30 01:00:00,1799.97
1970,2023-08-30 02:00:00,1817.38
1971,2023-08-30 03:00:00,1971.54
1972,2023-08-30 04:00:00,2168.96
1973,2023-08-30 05:00:00,1594.7
1974,2023-08-30 06:00:00,1625.9
1975,2023-08-30 07:00:00,1520.47
1976,2023-08-30 08:00:00,1652.14
1977,2023-08-30 09:00:00,1943.17
1978,2023-08-30 10:00:00,1842.61
1979,2023-08-30 11:00:00,1818.24
1980,2023-08-30 12:00:00,2193.63
1981,2023-08-30 13:00:00,2259.22
1982,2023-08-30 14:00:00,2198.82
1983,2023-08-30 15:00:00,2193.89
1984,2023-08-30 16:00:00,2139.25
1985,2023-08-30 17:00:00,2105.02
1986,2023-08-30 18:00:00,2169.18
1987,2023-08-30 19:00:00,2090.24
1988,2023-08-30 20:00:00,2063.63
1989,2023-08-30 21:00:00,1805.99
1990,2023-08-30 22:00:00,1707.18
1991,2023-08-30 23:00:00,1649.33
1992,2023-08-31 00:00:00,1694.63
1993,2023-08-31 01:00:00,1732.19
1994,2023-08-31 02:00:00,1750.34
1995,2023-08-31 03:00:00,2197.18
1996,2023-08-31 04:00:00,1591.97
1997,2023-08-31 05:00:00,1624.2
1998,2023-08-31 06:00:00,2085.71
1999,2023-08-31 07:00:00,2075.82
2000,2023-08-31 08:00:00,1864.56
2001,2023-08-31 09:00:00,1668.63
2002,2023-08-31 10:00:00,2310.29
2003,2023-08-31 11:00:00,2369.11
2004,2023-08-31 12:00:00,2240.77
2005,2023-08-31 13:00:00,2269.8
2006,2023-08-31 14:00:00,2253.08
2007,2023-08-31 15:00:00,2228.34
2008,2023-08-31 16:00:00,2181.91
2009,2023-08-31 17:00:00,2177.43
2010,2023-08-31 18:00:00,2105.45
2011,2023-08-31 19:00:00,2108.95
2012,2023-08-31 20:00:00,2072.27
2013,2023-08-31 21:00:00,1817.73
2014,2023-08-31 22:00:00,1722.38
2015,2023-08-31 23:00:00,1695.39
2016,2023-09-01 00:00:00,1746.78
2017,2023-09-01 01:00:00,1817.12
2018,2023-09-01 02:00:00,1784.89
2019,2023-09-01 03:00:00,1670.96
2020,2023-09-01 04:00:00,1882.07
2021,2023-09-01 05:00:00,2009.38
2022,2023-09-01 06:00:00,1898.58
2023,2023-09-01 07:00:00,1963.83
2024,2023-09-01 08:00:00,1623.61
2025,2023-09-01 09:00:00,1597.45
2026,2023-09-01 10:00:00,2183.67
2027,2023-09-01 11:00:00,2318.19
2028,2023-09-01 12:00:00,2102.43
2029,2023-09-01 13:00:00,2151.67
2030,2023-09-01 14:00:00,2132.73
2031,2023-09-01 15:00:00,2126.02
2032,2023-09-01 16:00:00,2096.87
2033,2023-09-01 17:00:00,2074.01
2034,2023-09-01 18:00:00,1960.43
2035,2023-09-01 19:00:00,1952.06
2036,2023-09-01 20:00:00,1932.86
2037,2023-09-01 21:00:00,1725.35
2038,2023-09-01 22:00:00,1678.52
2039,2023-09-01 23:00:00,1660.67
2040,2023-09-02 00:00:00,1588.43
2041,2023-09-02 01:00:00,1530.21
2042,2023-09-02 02:00:00,1441.28
2043,2023-09-02 03:00:00,1591.24
2044,2023-09-02 04:00:00,1419.13
2045,2023-09-02 05:00:00,1734.95
2046,2023-09-02 06:00:00,1856.93
2047,2023-09-02 07:00:00,1860.45
2048,2023-09-02 08:00:00,1499.29
2049,2023-09-02 09:00:00,1430.1
2050,2023-09-02 10:00:00,2126.44
2051,2023-09-02 11:00:00,2087.43
2052,2023-09-02 12:00:00,1856.81
2053,2023-09-02 13:00:00,1895.86
2054,2023-09-02 14:00:00,1828.99
2055,2023-09-02 15:00:00,1715.87
2056,2023-09-02 16:00:00,1709.4
2057,2023-09-02 17:00:00,1693.08
2058,2023-09-02 18:00:00,1622.46
2059,2023-09-02 19:00:00,1578.97
2060,2023-09-02 20:00:00,1655.53
2061,2023-09-02 21:00:00,1383.58
2062,2023-09-02 22:00:00,1471.9
2063,2023-09-02 23:00:00,1525.73
2064,2023-09-03 00:00:00,1514.84
2065,2023-09-03 01:00:00,1573.06
2066,2023-09-03 02:00:00,1509.55
2067,2023-09-03 03:00:00,1493.37
2068,2023-09-03 04:00:00,1864.47
2069,2023-09-03 05:00:00,2323.23
2070,2023-09-03 06:00:00,2036.23
2071,2023-09-03 07:00:00,1736.64
2072,2023-09-03 08:00:00,1314.04
2073,2023-09-03 09:00:00,1339.58
2074,2023-09-03 10:00:00,1822.33
2075,2023-09-03 11:00:00,1686.33
2076,2023-09-03 12:00:00,1647.63
2077,2023-09-03 13:00:00,1668.49
2078,2023-09-03 14:00:00,1655.46
2079,2023-09-03 15:00:00,1585.89
2080,2023-09-03 16:00:00,1556.12
2081,2023-09-03 17:00:00,1483.67
2082,2023-09-03 18:00:00,1402.86
2083,2023-09-03 19:00:00,1436.28
2084,2023-09-03 20:00:00,1532.8
2085,2023-09-03 21:00:00,1447.14
2086,2023-09-03 22:00:00,1498.33
2087,2023-09-03 23:00:00,1607.26
2088,2023-09-04 00:00:00,1737.99
2089,2023-09-04 01:00:00,1740.71
2090,2023-09-04 02:00:00,1576.74
2091,2023-09-04 03:00:00,1880.24
2092,2023-09-04 04:00:00,2071.76
2093,2023-09-04 05:00:00,2030.68
2094,2023-09-04 06:00:00,2001.06
2095,2023-09-04 07:00:00,1933.63
2096,2023-09-04 08:00:00,1629.53
2097,2023-09-04 09:00:00,1517.37
2098,2023-09-04 10:00:00,2015.97
2099,2023-09-04 11:00:00,2088.21
2100,2023-09-04 12:00:00,2044.42
2101,2023-09-04 13:00:00,2080.82
2102,2023-09-04 14:00:00,2018.45
2103,2023-09-04 15:00:00,1857.7
2104,2023-09-04 16:00:00,1808.04
2105,2023-09-04 17:00:00,1757.13
2106,2023-09-04 18:00:00,1740.91
2107,2023-09-04 19:00:00,1787.72
2108,2023-09-04 20:00:00,1831.43
2109,2023-09-04 21:00:00,1611.91
2110,2023-09-04 22:00:00,1633.37
2111,2023-09-04 23:00:00,1768.88
2112,2023-09-05 00:00:00,1775.5
2113,2023-09-05 01:00:00,1949.24
2114,2023-09-05 02:00:00,1897.6
2115,2023-09-05 03:00:00,1794.97
2116,2023-09-05 04:00:00,2036.85
2117,2023-09-05 05:00:00,1976.76
2118,2023-09-05 06:00:00,1868.72
2119,2023-09-05 07:00:00,1938.88
2120,2023-09-05 08:00:00,1678.38
2121,2023-09-05 09:00:00,1595.75
2122,2023-09-05 10:00:00,2290.78
2123,2023-09-05 11:00:00,2195.78
2124,2023-09-05 12:00:00,2162.6
2125,2023-09-05 13:00:00,2222.47
2126,2023-09-05 14:00:00,2216.71
2127,2023-09-05 15:00:00,2273.26
2128,2023-09-05 16:00:00,2171.19
2129,2023-09-05 17:00:00,2153.78
2130,2023-09-05 18:00:00,2130.27
2131,2023-09-05 19:00:00,2112.74
2132,2023-09-05 20:00:00,2069.77
2133,2023-09-05 21:00:00,1760.81
2134,2023-09-05 22:00:00,1687.23
2135,2023-09-05 23:00:00,1673.62
2136,2023-09-06 00:00:00,1712.42
2137,2023-09-06 01:00:00,1684.46
2138,2023-09-06 02:00:00,1480.04
2139,2023-09-06 03:00:00,1846.98
2140,2023-09-06 04:00:00,1831.78
2141,2023-09-06 05:00:00,1751.81
2142,2023-09-06 06:00:00,1931.3
2143,2023-09-06 07:00:00,1927.9
2144,2023-09-06 08:00:00,1635.81
2145,2023-09-06 09:00:00,1544.34
2146,2023-09-06 10:00:00,2124.22
2147,2023-09-06 11:00:00,2215.8
2148,2023-09-06 12:00:00,2084.55
2149,2023-09-06 13:00:00,2237.03
2150,2023-09-06 14:00:00,2241.11
2151,2023-09-06 15:00:00,2200.78
2152,2023-09-06 16:00:00,2120.29
2153,2023-09-06 17:00:00,2140.7
2154,2023-09-06 18:00:00,2196.82
2155,2023-09-06 19:00:00,2099.5
2156,2023-09-06 20:00:00,2069.84
2157,2023-09-06 21:00:00,1818.04
2158,2023-09-06 22:00:00,1656.93
2159,2023-09-06 23:00:00,1601.24
2160,2023-09-07 00:00:00,1681.12
2161,2023-09-07 01:00:00,1661.64
2162,2023-09-07 02:00:00,1690.81
2163,2023-09-07 03:00:00,1867.75
2164,2023-09-07 04:00:00,1683.51
2165,2023-09-07 05:00:00,1574.28
2166,2023-09-07 06:00:00,1822.82
2167,2023-09-07 07:00:00,1866.84
2168,2023-09-07 08:00:00,1792.78
2169,2023-09-07 09:00:00,1509.71
2170,2023-09-07 10:00:00,2041.01
2171,2023-09-07 11:00:00,2059.15
2172,2023-09-07 12:00:00,2063.2
2173,2023-09-07 13:00:00,2066.55
2174,2023-09-07 14:00:00,2099.13
2175,2023-09-07 15:00:00,2125.24
2176,2023-09-07 16:00:00,2015.98
2177,2023-09-07 17:00:00,2019.38
2178,2023-09-07 18:00:00,1976.84
2179,2023-09-07 19:00:00,1929.3
2180,2023-09-07 20:00:00,1944.13
2181,2023-09-07 21:00:00,1731.45
2182,2023-09-07 22:00:00,1699.65
2183,2023-09-07 23:00:00,1636.24
2184,2023-09-08 00:00:00,1675.65
2185,2023-09-08 01:00:00,1735.96
2186,2023-09-08 02:00:00,1809.7
2187,2023-09-08 03:00:00,1642.97
2188,2023-09-08 04:00:00,1552.61
2189,2023-09-08 05:00:00,1695.69
2190,2023-09-08 06:00:00,1929.31
2191,2023-09-08 07:00:00,1928.81
2192,2023-09-08 08:00:00,1562.82
2193,2023-09-08 09:00:00,1512.65
2194,2023-09-08 10:00:00,2099.67
2195,2023-09-08 11:00:00,2197.21
2196,2023-09-08 12:00:00,2192.28
2197,2023-09-08 13:00:00,2210.93
2198,2023-09-08 14:00:00,2152.04
2199,2023-09-08 15:00:00,2175.43
2200,2023-09-08 16:00:00,2116.37
2201,2023-09-08 17:00:00,2131.36
2202,2023-09-08 18:00:00,2118.55
2203,2023-09-08 19:00:00,2099.58
2204,2023-09-08 20:00:00,2042.83
2205,2023-09-08 21:00:00,1820.63
2206,2023-09-08 22:00:00,1701.85
2207,2023-09-08 23:00:00,1625.62
2208,2023-09-09 00:00:00,1760.65
2209,2023-09-09 01:00:00,1578.49
2210,2023-09-09 02:00:00,1543.34
2211,2023-09-09 03:00:00,1528.47
2212,2023-09-09 04:00:00,1721.72
2213,2023-09-09 05:00:00,1766.59
2214,2023-09-09 06:00:00,1870.64
2215,2023-09-09 07:00:00,1887.98
2216,2023-09-09 08:00:00,2057.24
2217,2023-09-09 09:00:00,2096.94
2218,2023-09-09 10:00:00,2082.6
2219,2023-09-09 11:00:00,1886.93
2220,2023-09-09 12:00:00,2075.61
2221,2023-09-09 13:00:00,1927.52
2222,2023-09-09 14:00:00,1851.81
2223,2023-09-09 15:00:00,1517.84
2224,2023-09-09 16:00:00,1598.75
2225,2023-09-09 17:00:00,1735.05
2226,2023-09-09 18:00:00,1671.1
2227,2023-09-09 19:00:00,1631.45
2228,2023-09-09 20:00:00,1667.15
2229,2023-09-09 21:00:00,1490.48
2230,2023-09-09 22:00:00,1451.78
2231,2023-09-09 23:00:00,1502.64
2232,2023-09-10 00:00:00,1668.97
2233,2023-09-10 01:00:00,1697.2
2234,2023-09-10 02:00:00,1642.08
2235,2023-09-10 03:00:00,2099.39
2236,2023-09-10 04:00:00,2025.06
2237,2023-09-10 05:00:00,2079.37
2238,2023-09-10 06:00:00,2093.18
2239,2023-09-10 07:00:00,2047.35
2240,2023-09-10 08:00:00,1618.93
2241,2023-09-10 09:00:00,1481.34
2242,2023-09-10 10:00:00,2010.27
2243,2023-09-10 11:00:00,1905.8
2244,2023-09-10 12:00:00,1822.31
2245,2023-09-10 13:00:00,1921.68
2246,2023-09-10 14:00:00,1828.84
2247,2023-09-10 15:00:00,1784.36
2248,2023-09-10 16:00:00,1695.94
2249,2023-09-10 17:00:00,1580.56
2250,2023-09-10 18:00:00,1557.09
2251,2023-09-10 19:00:00,1517.82
2252,2023-09-10 20:00:00,1580.33
2253,2023-09-10 21:00:00,1677.83
2254,2023-09-10 22:00:00,1664.94
2255,2023-09-10 23:00:00,1742.46
2256,2023-09-11 00:00:00,2089.3
2257,2023-09-11 01:00:00,1872.91
2258,2023-09-11 02:00:00,1667.54
2259,2023-09-11 03:00:00,2006.02
2260,2023-09-11 04:00:00,2382.96
2261,2023-09-11 05:00:00,2176.12
2262,2023-09-11 06:00:00,2074.61
2263,2023-09-11 07:00:00,1976.31
2264,2023-09-11 08:00:00,1734.35
2265,2023-09-11 09:00:00,1702.68
2266,2023-09-11 10:00:00,2431.06
2267,2023-09-11 11:00:00,2359.88
2268,2023-09-11 12:00:00,2310.43
2269,2023-09-11 13:00:00,2358.79
2270,2023-09-11 14:00:00,2340.33
2271,2023-09-11 15:00:00,2329.18
2272,2023-09-11 16:00:00,2184.13
2273,2023-09-11 17:00:00,2209.44
2274,2023-09-11 18:00:00,2138.39
2275,2023-09-11 19:00:00,2159.89
2276,2023-09-11 20:00:00,2117.34
2277,2023-09-11 21:00:00,1869.34
2278,2023-09-11 22:00:00,1765.64
2279,2023-09-11 23:00:00,1730.22
2280,2023-09-12 00:00:00,1770.03
2281,2023-09-12 01:00:00,1821.74
2282,2023-09-12 02:00:00,1669.02
2283,2023-09-12 03:00:00,1968.12
2284,2023-09-12 04:00:00,1703.06
2285,2023-09-12 05:00:00,1742.79
2286,2023-09-12 06:00:00,1963.64
2287,2023-09-12 07:00:00,1946.98
2288,2023-09-12 08:00:00,2122.73
2289,2023-09-12 09:00:00,1967.2
2290,2023-09-12 10:00:00,1758.18
2291,2023-09-12 11:00:00,2170.07
2292,2023-09-12 12:00:00,2133.6
2293,2023-09-12 13:00:00,2238.23
2294,2023-09-12 14:00:00,2279.22
2295,2023-09-12 15:00:00,2259.57
2296,2023-09-12 16:00:00,2123.88
2297,2023-09-12 17:00:00,2141.02
2298,2023-09-12 18:00:00,2137.98
2299,2023-09-12 19:00:00,2145.23
2300,2023-09-12 20:00:00,2059.55
2301,2023-09-12 21:00:00,1812.66
2302,2023-09-12 22:00:00,1710.62
2303,2023-09-12 23:00:00,1661.95
2304,2023-09-13 00:00:00,1731.93
2305,2023-09-13 01:00:00,1744.01
2306,2023-09-13 02:00:00,1824.84
2307,2023-09-13 03:00:00,1883.82
2308,2023-09-13 04:00:00,2000.13
2309,2023-09-13 05:00:00,1921.17
2310,2023-09-13 06:00:00,1865.0
2311,2023-09-13 07:00:00,1817.57
2312,2023-09-13 08:00:00,1993.05
2313,2023-09-13 09:00:00,1988.45
2314,2023-09-13 10:00:00,1998.96
2315,2023-09-13 11:00:00,1831.58
2316,2023-09-13 12:00:00,1998.64
2317,2023-09-13 13:00:00,2193.69
2318,2023-09-13 14:00:00,2331.42
2319,2023-09-13 15:00:00,2316.65
2320,2023-09-13 16:00:00,2213.72
2321,2023-09-13 17:00:00,2204.29
2322,2023-09-13 18:00:00,2222.28
2323,2023-09-13 19:00:00,2129.55
2324,2023-09-13 20:00:00,2080.41
2325,2023-09-13 21:00:00,1775.28
2326,2023-09-13 22:00:00,1687.77
2327,2023-09-13 23:00:00,1691.6
2328,2023-09-14 00:00:00,1765.71
2329,2023-09-14 01:00:00,1701.75
2330,2023-09-14 02:00:00,1629.03
2331,2023-09-14 03:00:00,1709.35
2332,2023-09-14 04:00:00,1607.06
2333,2023-09-14 05:00:00,1505.45
2334,2023-09-14 06:00:00,1621.46
2335,2023-09-14 07:00:00,1722.84
2336,2023-09-14 08:00:00,1928.1
2337,2023-09-14 09:00:00,1727.35
2338,2023-09-14 10:00:00,2204.49
2339,2023-09-14 11:00:00,2193.53
2340,2023-09-14 12:00:00,2242.0
2341,2023-09-14 13:00:00,2260.0
2342,2023-09-14 14:00:00,2307.06
2343,2023-09-14 15:00:00,2358.27
2344,2023-09-14 16:00:00,2215.83
2345,2023-09-14 17:00:00,2248.64
2346,2023-09-14 18:00:00,2201.88
2347,2023-09-14 19:00:00,2244.15
2348,2023-09-14 20:00:00,2122.32
2349,2023-09-14 21:00:00,1838.47
2350,2023-09-14 22:00:00,1734.37
2351,2023-09-14 23:00:00,1694.24
2352,2023-09-15 00:00:00,1769.45
2353,2023-09-15 01:00:00,1721.31
2354,2023-09-15 02:00:00,1711.64
2355,2023-09-15 03:00:00,1701.5
2356,2023-09-15 04:00:00,1677.89
2357,2023-09-15 05:00:00,1578.7
2358,2023-09-15 06:00:00,1955.58
2359,2023-09-15 07:00:00,1965.17
2360,2023-09-15 08:00:00,1958.95
2361,2023-09-15 09:00:00,1611.18
2362,2023-09-15 10:00:00,2092.69
2363,2023-09-15 11:00:00,2151.03
2364,2023-09-15 12:00:00,2152.61
2365,2023-09-15 13:00:00,2227.15
2366,2023-09-15 14:00:00,2334.49
2367,2023-09-15 15:00:00,2233.41
2368,2023-09-15 16:00:00,2134.65
2369,2023-09-15 17:00:00,2178.65
2370,2023-09-15 18:00:00,2165.75
2371,2023-09-15 19:00:00,2135.88
2372,2023-09-15 20:00:00,2099.34
2373,2023-09-15 21:00:00,1871.29
2374,2023-09-15 22:00:00,1761.77
2375,2023-09-15 23:00:00,1664.87
2376,2023-09-16 00:00:00,1791.06
2377,2023-09-16 01:00:00,1657.02
2378,2023-09-16 02:00:00,1522.63
2379,2023-09-16 03:00:00,1719.59
2380,2023-09-16 04:00:00,1437.94
2381,2023-09-16 05:00:00,1520.04
2382,2023-09-16 06:00:00,1824.34
2383,2023-09-16 07:00:00,1793.37
2384,2023-09-16 08:00:00,1860.17
2385,2023-09-16 09:00:00,1464.15
2386,2023-09-16 10:00:00,2279.85
2387,2023-09-16 11:00:00,2097.02
2388,2023-09-16 12:00:00,2023.68
2389,2023-09-16 13:00:00,1985.16
2390,2023-09-16 14:00:00,1967.73
2391,2023-09-16 15:00:00,1756.2
2392,2023-09-16 16:00:00,1684.28
2393,2023-09-16 17:00:00,1724.01
2394,2023-09-16 18:00:00,1669.63
2395,2023-09-16 19:00:00,1604.36
2396,2023-09-16 20:00:00,1638.32
2397,2023-09-16 21:00:00,1324.86
2398,2023-09-16 22:00:00,1412.68
2399,2023-09-16 23:00:00,1591.59
2400,2023-09-17 00:00:00,1516.63
2401,2023-09-17 01:00:00,1694.57
2402,2023-09-17 02:00:00,1776.82
2403,2023-09-17 03:00:00,1912.84
2404,2023-09-17 04:00:00,1939.35
2405,2023-09-17 05:00:00,2099.02
2406,2023-09-17 06:00:00,2245.74
2407,2023-09-17 07:00:00,2084.26
2408,2023-09-17 08:00:00,1900.7
2409,2023-09-17 09:00:00,1740.34
2410,2023-09-17 10:00:00,1347.4
2411,2023-09-17 11:00:00,1800.23
2412,2023-09-17 12:00:00,1795.45
2413,2023-09-17 13:00:00,1646.45
2414,2023-09-17 14:00:00,1601.3
2415,2023-09-17 15:00:00,1647.18
2416,2023-09-17 16:00:00,1462.74
2417,2023-09-17 17:00:00,1377.32
2418,2023-09-17 18:00:00,1396.73
2419,2023-09-17 19:00:00,1490.81
2420,2023-09-17 20:00:00,1492.82
2421,2023-09-17 21:00:00,1422.67
2422,2023-09-17 22:00:00,1470.22
2423,2023-09-17 23:00:00,1583.45
2424,2023-09-18 00:00:00,1638.92
2425,2023-09-18 01:00:00,1528.77
2426,2023-09-18 02:00:00,1397.39
2427,2023-09-18 03:00:00,1703.31
2428,2023-09-18 04:00:00,1967.3
2429,2023-09-18 05:00:00,1830.74
2430,2023-09-18 06:00:00,1823.5
2431,2023-09-18 07:00:00,1835.06
2432,2023-09-18 08:00:00,1632.28
2433,2023-09-18 09:00:00,1702.33
2434,2023-09-18 10:00:00,2371.17
2435,2023-09-18 11:00:00,2291.08
2436,2023-09-18 12:00:00,2250.54
2437,2023-09-18 13:00:00,2312.04
2438,2023-09-18 14:00:00,2333.13
2439,2023-09-18 15:00:00,2279.59
2440,2023-09-18 16:00:00,2103.62
2441,2023-09-18 17:00:00,2149.88
2442,2023-09-18 18:00:00,2139.62
2443,2023-09-18 19:00:00,2071.35
2444,2023-09-18 20:00:00,2049.53
2445,2023-09-18 21:00:00,1886.42
2446,2023-09-18 22:00:00,1797.89
2447,2023-09-18 23:00:00,1668.61
2448,2023-09-19 00:00:00,1714.39
2449,2023-09-19 01:00:00,1742.96
2450,2023-09-19 02:00:00,1652.73
2451,2023-09-19 03:00:00,1727.85
2452,2023-09-19 04:00:00,1922.43
2453,2023-09-19 05:00:00,1878.31
2454,2023-09-19 06:00:00,1957.45
2455,2023-09-19 07:00:00,1919.97
2456,2023-09-19 08:00:00,1786.41
2457,2023-09-19 09:00:00,1648.16
2458,2023-09-19 10:00:00,2293.97
2459,2023-09-19 11:00:00,2171.44
2460,2023-09-19 12:00:00,2142.34
2461,2023-09-19 13:00:00,2261.32
2462,2023-09-19 14:00:00,2231.98
2463,2023-09-19 15:00:00,2253.46
2464,2023-09-19 16:00:00,2160.63
2465,2023-09-19 17:00:00,2171.2
2466,2023-09-19 18:00:00,2113.88
2467,2023-09-19 19:00:00,2167.63
2468,2023-09-19 20:00:00,2075.11
2469,2023-09-19 21:00:00,1860.5
2470,2023-09-19 22:00:00,1778.66
2471,2023-09-19 23:00:00,1769.39
